project_id,repo_name,path_with_namespace,last_activity_at,is_active,activity_status,is_active_by_last_activity,has_mr_activity,mr_count_in_window,merged_mrs,open_mrs,closed_without_merge_mrs,web_url
632,cardpointe-ui,ProdDev/cardpointe/cardpointe-ui/cardpointe-ui,2026-06-09T12:46:19.181Z,TRUE,active_recent_activity_and_mrs,TRUE,TRUE,316,266,4,46,https://gitlab.ftscc.net/ProdDev/cardpointe/cardpointe-ui/cardpointe-ui
1052,GWGF,ProdDev/gateway/gateway-qa/GWGF,2026-06-08T20:21:28.926Z,TRUE,active_recent_activity_and_mrs,TRUE,TRUE,290,271,0,19,https://gitlab.ftscc.net/ProdDev/gateway/gateway-qa/GWGF
373,argocd-applicationsets,ProdDev/k8s/argocd-applicationsets,2026-06-08T16:58:20.239Z,TRUE,active_recent_activity_and_mrs,TRUE,TRUE,260,247,1,12,https://gitlab.ftscc.net/ProdDev/k8s/argocd-applicationsets
572,copilot-ui,ProdDev/copilot/cipilot-ui/copilot-ui,2026-06-08T16:37:08.071Z,TRUE,active_recent_activity_and_mrs,TRUE,TRUE,195,173,0,22,https://gitlab.ftscc.net/ProdDev/copilot/cipilot-ui/copilot-ui
982,gs-cardpointe-umbrella-helm-poc,ProdDev/cardpointe/gs-cardpointe-umbrella-helm-poc,2026-04-14T20:35:42.356Z,TRUE,active_recent_activity_and_mrs,TRUE,TRUE,138,137,1,0,https://gitlab.ftscc.net/ProdDev/cardpointe/gs-cardpointe-umbrella-helm-poc
588,cp2-starter,ProdDev/cardpointe/cardpointe-backend/cp2-starter,2026-06-05T18:35:30.034Z,TRUE,active_recent_activity_and_mrs,TRUE,TRUE,109,105,3,1,https://gitlab.ftscc.net/ProdDev/cardpointe/cardpointe-backend/cp2-starter
942,digital-app-ui,ProdDev/copilot/cipilot-ui/digital-app-ui,2026-06-08T15:55:42.029Z,TRUE,active_recent_activity_and_mrs,TRUE,TRUE,91,86,0,5,https://gitlab.ftscc.net/ProdDev/copilot/cipilot-ui/digital-app-ui
439,micros.management.ui,ProdDev/pineapple/micros/micros.management.ui,2026-06-05T05:40:43.848Z,TRUE,active_recent_activity_and_mrs,TRUE,TRUE,77,74,0,3,https://gitlab.ftscc.net/ProdDev/pineapple/micros/micros.management.ui
690,cc-initializr,ProdDev/cardpointe/cardpointe-backend/cc-initializr,2026-06-04T16:29:29.932Z,TRUE,active_recent_activity_and_mrs,TRUE,TRUE,56,55,0,1,https://gitlab.ftscc.net/ProdDev/cardpointe/cardpointe-backend/cc-initializr
478,gateway-batch-search-service,ProdDev/cardpointe/cardpointe-backend/gateway-batch-search-service,2026-04-20T18:22:57.340Z,TRUE,active_recent_activity_and_mrs,TRUE,TRUE,55,54,0,1,https://gitlab.ftscc.net/ProdDev/cardpointe/cardpointe-backend/gateway-batch-search-service
371,micros.opi,ProdDev/pineapple/micros/micros.opi,2026-06-02T17:23:24.187Z,TRUE,active_recent_activity_and_mrs,TRUE,TRUE,51,51,0,0,https://gitlab.ftscc.net/ProdDev/pineapple/micros/micros.opi
526,ansible-role-keycloak-deploy,ProdDev/cicd/ansible-role-keycloak-deploy,2026-05-29T00:00:21.870Z,TRUE,active_recent_activity_and_mrs,TRUE,TRUE,50,48,2,0,https://gitlab.ftscc.net/ProdDev/cicd/ansible-role-keycloak-deploy
511,Api Save Merchant Application,ProdDev/copilot/copilot-backend/api-save-merchant-application,2026-06-04T14:16:19.565Z,TRUE,active_recent_activity_and_mrs,TRUE,TRUE,38,35,0,3,https://gitlab.ftscc.net/ProdDev/copilot/copilot-backend/api-save-merchant-application
761,funded-transaction-service-publisher-tsys,ProdDev/apps/mic/funded-transaction-service-publisher-tsys,2026-06-02T14:58:35.103Z,TRUE,active_recent_activity_and_mrs,TRUE,TRUE,38,38,0,0,https://gitlab.ftscc.net/ProdDev/apps/mic/funded-transaction-service-publisher-tsys
370,micros.management,ProdDev/pineapple/micros/micros.management,2026-06-05T18:48:22.416Z,TRUE,active_recent_activity_and_mrs,TRUE,TRUE,37,37,0,0,https://gitlab.ftscc.net/ProdDev/pineapple/micros/micros.management
658,transaction-summary-preview-api-service-config,ProdDev/cardpointe/cardpointe-backend-config/transaction-summary-preview-api-service-config,2026-05-12T18:23:48.813Z,TRUE,active_recent_activity_and_mrs,TRUE,TRUE,36,36,0,0,https://gitlab.ftscc.net/ProdDev/cardpointe/cardpointe-backend-config/transaction-summary-preview-api-service-config
837,Api Search Merchant Account Table,ProdDev/copilot/copilot-backend/api-search-merchant-account-table,2026-06-04T14:16:39.394Z,TRUE,active_recent_activity_and_mrs,TRUE,TRUE,35,34,0,1,https://gitlab.ftscc.net/ProdDev/copilot/copilot-backend/api-search-merchant-account-table
328,mvn_build,ProdDev/cicd-components/mvn_build,2026-05-08T00:00:21.022Z,TRUE,active_recent_activity_and_mrs,TRUE,TRUE,35,35,0,0,https://gitlab.ftscc.net/ProdDev/cicd-components/mvn_build
854,Api Create Saved View,ProdDev/copilot/copilot-backend/api-create-saved-view,2026-06-04T14:04:18.034Z,TRUE,active_recent_activity_and_mrs,TRUE,TRUE,34,33,0,1,https://gitlab.ftscc.net/ProdDev/copilot/copilot-backend/api-create-saved-view
756,billing-plan-update-api-service,ProdDev/cardpointe/cardpointe-backend/billing-plan-update-api-service,2025-10-02T17:30:16.385Z,TRUE,active_recent_activity_and_mrs,TRUE,TRUE,34,33,0,1,https://gitlab.ftscc.net/ProdDev/cardpointe/cardpointe-backend/billing-plan-update-api-service
630,Api Create Merchant Attachment,ProdDev/copilot/copilot-backend/api-create-merchant-attachment,2026-06-04T14:31:41.367Z,TRUE,active_recent_activity_and_mrs,TRUE,TRUE,32,27,0,5,https://gitlab.ftscc.net/ProdDev/copilot/copilot-backend/api-create-merchant-attachment
919,Api Get Retrieval Reports,ProdDev/copilot/copilot-backend/api-get-retrieval-reports,2026-06-04T14:09:54.391Z,TRUE,active_recent_activity_and_mrs,TRUE,TRUE,32,32,0,0,https://gitlab.ftscc.net/ProdDev/copilot/copilot-backend/api-get-retrieval-reports
924,Api Get Merchant Chargebacks Report,ProdDev/copilot/copilot-backend/api-get-merchant-chargebacks-report,2026-06-04T14:09:21.801Z,TRUE,active_recent_activity_and_mrs,TRUE,TRUE,32,32,0,0,https://gitlab.ftscc.net/ProdDev/copilot/copilot-backend/api-get-merchant-chargebacks-report
550,Api Get Merchant Application,ProdDev/copilot/copilot-backend/api-get-merchant-application,2026-06-04T14:06:49.142Z,TRUE,active_recent_activity_and_mrs,TRUE,TRUE,32,30,0,2,https://gitlab.ftscc.net/ProdDev/copilot/copilot-backend/api-get-merchant-application
857,Api Update Saved View,ProdDev/copilot/copilot-backend/api-update-saved-view,2026-06-04T14:21:30.381Z,TRUE,active_recent_activity_and_mrs,TRUE,TRUE,31,30,0,1,https://gitlab.ftscc.net/ProdDev/copilot/copilot-backend/api-update-saved-view
745,Api Get Merchant Account Banking And Processing,ProdDev/copilot/copilot-backend/api-get-merchant-account-banking-and-processing,2026-06-04T14:04:22.872Z,TRUE,active_recent_activity_and_mrs,TRUE,TRUE,31,29,0,2,https://gitlab.ftscc.net/ProdDev/copilot/copilot-backend/api-get-merchant-account-banking-and-processing
567,gateway-batch-search-service-config,ProdDev/cardpointe/cardpointe-backend-config/gateway-batch-search-service-config,2026-05-27T20:22:53.938Z,TRUE,active_recent_activity_and_mrs,TRUE,TRUE,30,30,0,0,https://gitlab.ftscc.net/ProdDev/cardpointe/cardpointe-backend-config/gateway-batch-search-service-config
944,Api Get Merchant Overview,ProdDev/copilot/copilot-backend/api-get-merchant-overview,2026-06-04T14:09:41.506Z,TRUE,active_recent_activity_and_mrs,TRUE,TRUE,29,28,0,1,https://gitlab.ftscc.net/ProdDev/copilot/copilot-backend/api-get-merchant-overview
856,Api Get Saved Views,ProdDev/copilot/copilot-backend/api-get-saved-views,2026-06-04T14:09:58.702Z,TRUE,active_recent_activity_and_mrs,TRUE,TRUE,28,28,0,0,https://gitlab.ftscc.net/ProdDev/copilot/copilot-backend/api-get-saved-views
930,Api Get Retrieval Detail,ProdDev/copilot/copilot-backend/api-get-retrieval-detail,2026-06-04T14:09:48.709Z,TRUE,active_recent_activity_and_mrs,TRUE,TRUE,28,28,0,0,https://gitlab.ftscc.net/ProdDev/copilot/copilot-backend/api-get-retrieval-detail
929,Api Get Merchant Chargeback Detail,ProdDev/copilot/copilot-backend/api-get-merchant-chargeback-detail,2026-06-04T14:09:14.512Z,TRUE,active_recent_activity_and_mrs,TRUE,TRUE,28,28,0,0,https://gitlab.ftscc.net/ProdDev/copilot/copilot-backend/api-get-merchant-chargeback-detail
869,Api Delete Saved View,ProdDev/copilot/copilot-backend/api-delete-saved-view,2026-06-04T14:04:21.536Z,TRUE,active_recent_activity_and_mrs,TRUE,TRUE,28,28,0,0,https://gitlab.ftscc.net/ProdDev/copilot/copilot-backend/api-delete-saved-view
880,Api Search Service Template,ProdDev/copilot/copilot-backend/templates/api-search-service-template,2026-06-03T13:46:27.010Z,TRUE,active_recent_activity_and_mrs,TRUE,TRUE,28,28,0,0,https://gitlab.ftscc.net/ProdDev/copilot/copilot-backend/templates/api-search-service-template
633,Api Delete Merchant Attachment,ProdDev/copilot/copilot-backend/api-delete-merchant-attachment,2026-06-04T14:24:58.454Z,TRUE,active_recent_activity_and_mrs,TRUE,TRUE,27,26,0,1,https://gitlab.ftscc.net/ProdDev/copilot/copilot-backend/api-delete-merchant-attachment
839,Api Export Merchant Account Table,ProdDev/copilot/copilot-backend/api-export-merchant-account-table,2026-06-04T14:23:23.674Z,TRUE,active_recent_activity_and_mrs,TRUE,TRUE,27,26,0,1,https://gitlab.ftscc.net/ProdDev/copilot/copilot-backend/api-export-merchant-account-table
836,Api Get Copilot Form Fields,ProdDev/copilot/copilot-backend/api-get-copilot-form-fields,2026-06-04T14:22:40.617Z,TRUE,active_recent_activity_and_mrs,TRUE,TRUE,27,27,0,0,https://gitlab.ftscc.net/ProdDev/copilot/copilot-backend/api-get-copilot-form-fields
886,Api Get Merchant Account Preview,ProdDev/copilot/copilot-backend/api-get-merchant-account-preview,2026-06-04T14:22:13.936Z,TRUE,active_recent_activity_and_mrs,TRUE,TRUE,27,27,0,0,https://gitlab.ftscc.net/ProdDev/copilot/copilot-backend/api-get-merchant-account-preview
723,Api Get Merchant Account Summary,ProdDev/copilot/copilot-backend/api-get-merchant-account-summary,2026-06-04T14:05:50.699Z,TRUE,active_recent_activity_and_mrs,TRUE,TRUE,27,26,0,1,https://gitlab.ftscc.net/ProdDev/copilot/copilot-backend/api-get-merchant-account-summary
506,virtual-terminal-auth-capture-transaction-service,ProdDev/cardpointe/cardpointe-backend/virtual-terminal-auth-capture-transaction-service,2026-05-21T19:15:26.054Z,TRUE,active_recent_activity_and_mrs,TRUE,TRUE,26,24,0,2,https://gitlab.ftscc.net/ProdDev/cardpointe/cardpointe-backend/virtual-terminal-auth-capture-transaction-service
891,Api Export Service Template,ProdDev/copilot/copilot-backend/templates/api-export-service-template,2026-06-03T13:47:02.356Z,TRUE,active_recent_activity_and_mrs,TRUE,TRUE,25,25,0,0,https://gitlab.ftscc.net/ProdDev/copilot/copilot-backend/templates/api-export-service-template
662,transaction-details-api-service-config,ProdDev/cardpointe/cardpointe-backend-config/transaction-details-api-service-config,2026-05-27T21:34:44.828Z,TRUE,active_recent_activity_and_mrs,TRUE,TRUE,25,25,0,0,https://gitlab.ftscc.net/ProdDev/cardpointe/cardpointe-backend-config/transaction-details-api-service-config
620,Api Create Merchant Application,ProdDev/copilot/copilot-backend/api-create-merchant-application,2026-06-04T14:04:05.966Z,TRUE,active_recent_activity_and_mrs,TRUE,TRUE,24,22,0,2,https://gitlab.ftscc.net/ProdDev/copilot/copilot-backend/api-create-merchant-application
486,transaction-summary-preview-api-service,ProdDev/cardpointe/cardpointe-backend/transaction-summary-preview-api-service,2026-05-12T18:17:45.513Z,TRUE,active_recent_activity_and_mrs,TRUE,TRUE,24,23,0,1,https://gitlab.ftscc.net/ProdDev/cardpointe/cardpointe-backend/transaction-summary-preview-api-service
631,Api Get Merchant Attachment,ProdDev/copilot/copilot-backend/api-get-merchant-attachment,2026-06-04T14:07:53.696Z,TRUE,active_recent_activity_and_mrs,TRUE,TRUE,23,20,0,3,https://gitlab.ftscc.net/ProdDev/copilot/copilot-backend/api-get-merchant-attachment
498,Api Service Template,ProdDev/copilot/copilot-backend/templates/api-service-template,2026-06-03T13:47:24.837Z,TRUE,active_recent_activity_and_mrs,TRUE,TRUE,23,23,0,0,https://gitlab.ftscc.net/ProdDev/copilot/copilot-backend/templates/api-service-template
752,Api Save Merchant Account Banking And Processing,ProdDev/copilot/copilot-backend/api-save-merchant-account-banking-and-processing,2026-06-04T14:15:48.313Z,TRUE,active_recent_activity_and_mrs,TRUE,TRUE,22,22,0,0,https://gitlab.ftscc.net/ProdDev/copilot/copilot-backend/api-save-merchant-account-banking-and-processing
728,Api Get Merchant Account Business Details,ProdDev/copilot/copilot-backend/api-get-merchant-account-business-details,2026-06-04T14:04:25.298Z,TRUE,active_recent_activity_and_mrs,TRUE,TRUE,22,20,0,2,https://gitlab.ftscc.net/ProdDev/copilot/copilot-backend/api-get-merchant-account-business-details
474,mts-aggregator-service,ProdDev/cardpointe/cardpointe-backend/mts-aggregator-service,2026-05-12T19:04:11.067Z,TRUE,active_recent_activity_and_mrs,TRUE,TRUE,22,22,0,0,https://gitlab.ftscc.net/ProdDev/cardpointe/cardpointe-backend/mts-aggregator-service
751,Api Save Merchant Account Business Details,ProdDev/copilot/copilot-backend/api-save-merchant-account-business-details,2026-06-04T14:16:04.336Z,TRUE,active_recent_activity_and_mrs,TRUE,TRUE,21,21,0,0,https://gitlab.ftscc.net/ProdDev/copilot/copilot-backend/api-save-merchant-account-business-details
798,Api Get Terms And Conditions,ProdDev/copilot/copilot-backend/api-get-terms-and-conditions,2026-06-04T14:10:42.793Z,TRUE,active_recent_activity_and_mrs,TRUE,TRUE,20,20,0,0,https://gitlab.ftscc.net/ProdDev/copilot/copilot-backend/api-get-terms-and-conditions
931,ticket-create-api-service,ProdDev/cardpointe/cardpointe-backend/ticket-create-api-service,2026-06-03T19:29:13.457Z,TRUE,active_recent_activity_and_mrs,TRUE,TRUE,20,19,1,0,https://gitlab.ftscc.net/ProdDev/cardpointe/cardpointe-backend/ticket-create-api-service
807,cardpointe-rabbitmq-config,ProdDev/cardpointe/cardpointe-backend-config/cardpointe-rabbitmq-config,2026-03-11T16:40:39.632Z,TRUE,active_recent_activity_and_mrs,TRUE,TRUE,20,20,0,0,https://gitlab.ftscc.net/ProdDev/cardpointe/cardpointe-backend-config/cardpointe-rabbitmq-config
726,Api Get Merchant Account Sub Header Info,ProdDev/copilot/copilot-backend/api-get-merchant-account-sub-header-info,2026-06-04T14:04:40.168Z,TRUE,active_recent_activity_and_mrs,TRUE,TRUE,19,18,0,1,https://gitlab.ftscc.net/ProdDev/copilot/copilot-backend/api-get-merchant-account-sub-header-info
440,transaction-search-service,ProdDev/cardpointe/cardpointe-backend/transaction-search-service,2026-05-21T18:16:52.614Z,TRUE,active_recent_activity_and_mrs,TRUE,TRUE,19,18,0,1,https://gitlab.ftscc.net/ProdDev/cardpointe/cardpointe-backend/transaction-search-service
549,transaction-details-api-service,ProdDev/cardpointe/cardpointe-backend/transaction-details-api-service,2026-03-18T17:41:31.602Z,TRUE,active_recent_activity_and_mrs,TRUE,TRUE,19,18,0,1,https://gitlab.ftscc.net/ProdDev/cardpointe/cardpointe-backend/transaction-details-api-service
686,Api Mark Notifications Read,ProdDev/copilot/copilot-backend/api-mark-notifications-read,2026-06-04T14:14:15.556Z,TRUE,active_recent_activity_and_mrs,TRUE,TRUE,18,16,0,2,https://gitlab.ftscc.net/ProdDev/copilot/copilot-backend/api-mark-notifications-read
592,get-transaction-actions-event-service-config,ProdDev/cardpointe/cardpointe-backend-config/get-transaction-actions-event-service-config,2026-05-27T19:56:02.403Z,TRUE,active_recent_activity_and_mrs,TRUE,TRUE,18,18,0,0,https://gitlab.ftscc.net/ProdDev/cardpointe/cardpointe-backend-config/get-transaction-actions-event-service-config
626,customer-profile-create-api-service,ProdDev/cardpointe/cardpointe-backend/customer-profile-create-api-service,2026-05-27T15:53:32.630Z,TRUE,active_recent_activity_and_mrs,TRUE,TRUE,17,16,0,1,https://gitlab.ftscc.net/ProdDev/cardpointe/cardpointe-backend/customer-profile-create-api-service
543,virtual-terminal-force-credit-transaction-service,ProdDev/cardpointe/cardpointe-backend/virtual-terminal-force-credit-transaction-service,2026-05-27T20:46:17.824Z,TRUE,active_recent_activity_and_mrs,TRUE,TRUE,16,16,0,0,https://gitlab.ftscc.net/ProdDev/cardpointe/cardpointe-backend/virtual-terminal-force-credit-transaction-service
871,mvn_deploy,ProdDev/cicd-components/mvn_deploy,2026-05-21T00:53:38.784Z,TRUE,active_recent_activity_and_mrs,TRUE,TRUE,16,16,0,0,https://gitlab.ftscc.net/ProdDev/cicd-components/mvn_deploy
643,funded-transaction-service-publisher-chase-paymentech,ProdDev/apps/mic/funded-transaction-service-publisher-chase-paymentech,2026-06-06T00:00:21.384Z,TRUE,active_recent_activity_and_mrs,TRUE,TRUE,15,15,0,0,https://gitlab.ftscc.net/ProdDev/apps/mic/funded-transaction-service-publisher-chase-paymentech
476,micros.automation,ProdDev/pineapple/micros/micros.automation,2026-06-05T09:14:07.317Z,TRUE,active_recent_activity_and_mrs,TRUE,TRUE,15,15,0,0,https://gitlab.ftscc.net/ProdDev/pineapple/micros/micros.automation
673,Api Toggle User Availability,ProdDev/copilot/copilot-backend/api-toggle-user-availability,2026-06-04T14:19:20.633Z,TRUE,active_recent_activity_and_mrs,TRUE,TRUE,15,15,0,0,https://gitlab.ftscc.net/ProdDev/copilot/copilot-backend/api-toggle-user-availability
525,virtual-terminal-auth-only-transaction-service,ProdDev/cardpointe/cardpointe-backend/virtual-terminal-auth-only-transaction-service,2026-05-27T20:49:09.904Z,TRUE,active_recent_activity_and_mrs,TRUE,TRUE,15,14,0,1,https://gitlab.ftscc.net/ProdDev/cardpointe/cardpointe-backend/virtual-terminal-auth-only-transaction-service
551,search-stored-customer-event-service,ProdDev/cardpointe/cardpointe-backend/search-stored-customer-event-service,2026-05-09T01:09:25.229Z,TRUE,active_recent_activity_and_mrs,TRUE,TRUE,15,15,0,0,https://gitlab.ftscc.net/ProdDev/cardpointe/cardpointe-backend/search-stored-customer-event-service
987,gs-poc-umbrella-payment-service,ProdDev/cardpointe/cardpointe-backend/gs-poc-umbrella-payment-service,2026-04-14T19:51:44.787Z,TRUE,active_recent_activity_and_mrs,TRUE,TRUE,15,15,0,0,https://gitlab.ftscc.net/ProdDev/cardpointe/cardpointe-backend/gs-poc-umbrella-payment-service
981,cardpointe-helm-umbrella-poc,ProdDev/cardpointe/cardpointe-helm-umbrella-poc,2026-03-11T14:37:13.689Z,TRUE,active_recent_activity_and_mrs,TRUE,TRUE,15,14,0,1,https://gitlab.ftscc.net/ProdDev/cardpointe/cardpointe-helm-umbrella-poc
672,Api Get User Header Info,ProdDev/copilot/copilot-backend/api-get-user-header-info,2026-06-04T14:12:49.556Z,TRUE,active_recent_activity_and_mrs,TRUE,TRUE,14,14,0,0,https://gitlab.ftscc.net/ProdDev/copilot/copilot-backend/api-get-user-header-info
583,customer-profile-create-service,ProdDev/cardpointe/cardpointe-backend/customer-profile-create-service,2026-05-27T19:35:51.629Z,TRUE,active_recent_activity_and_mrs,TRUE,TRUE,14,14,0,0,https://gitlab.ftscc.net/ProdDev/cardpointe/cardpointe-backend/customer-profile-create-service
1022,account-profile-attached-event-service-config,ProdDev/cardpointe/cardpointe-backend-config/account-profile-attached-event-service-config,2026-04-17T18:27:27.061Z,TRUE,active_recent_activity_and_mrs,TRUE,TRUE,14,14,0,0,https://gitlab.ftscc.net/ProdDev/cardpointe/cardpointe-backend-config/account-profile-attached-event-service-config
940,ticket-attachment-api-service,ProdDev/cardpointe/cardpointe-backend/ticket-attachment-api-service,2026-03-02T19:06:07.226Z,TRUE,active_recent_activity_and_mrs,TRUE,TRUE,14,13,0,1,https://gitlab.ftscc.net/ProdDev/cardpointe/cardpointe-backend/ticket-attachment-api-service
681,Api Get User Notifications,ProdDev/copilot/copilot-backend/api-get-user-notifications,2026-06-04T14:09:33.254Z,TRUE,active_recent_activity_and_mrs,TRUE,TRUE,13,13,0,0,https://gitlab.ftscc.net/ProdDev/copilot/copilot-backend/api-get-user-notifications
653,get-transaction-event-history-config,ProdDev/cardpointe/cardpointe-backend-config/get-transaction-event-history-config,2026-05-27T19:56:53.032Z,TRUE,active_recent_activity_and_mrs,TRUE,TRUE,13,13,0,0,https://gitlab.ftscc.net/ProdDev/cardpointe/cardpointe-backend-config/get-transaction-event-history-config
687,get-saved-reports-service-config,ProdDev/cardpointe/cardpointe-backend-config/get-saved-reports-service-config,2026-05-27T19:54:54.855Z,TRUE,active_recent_activity_and_mrs,TRUE,TRUE,13,13,0,0,https://gitlab.ftscc.net/ProdDev/cardpointe/cardpointe-backend-config/get-saved-reports-service-config
1009,funding-deposit-events-service,ProdDev/cardpointe/cardpointe-backend/funding-deposit-events-service,2026-05-27T18:39:41.501Z,TRUE,active_recent_activity_and_mrs,TRUE,TRUE,13,13,0,0,https://gitlab.ftscc.net/ProdDev/cardpointe/cardpointe-backend/funding-deposit-events-service
674,billing-plan-search-service,ProdDev/cardpointe/cardpointe-backend/billing-plan-search-service,2026-05-12T17:34:27.559Z,TRUE,active_recent_activity_and_mrs,TRUE,TRUE,13,11,0,2,https://gitlab.ftscc.net/ProdDev/cardpointe/cardpointe-backend/billing-plan-search-service
513,get-transaction-summary-event-service,ProdDev/cardpointe/cardpointe-backend/get-transaction-summary-event-service,2026-01-27T18:50:10.554Z,TRUE,active_recent_activity_and_mrs,TRUE,TRUE,13,11,0,2,https://gitlab.ftscc.net/ProdDev/cardpointe/cardpointe-backend/get-transaction-summary-event-service
514,get-transaction-profile-event-service,ProdDev/cardpointe/cardpointe-backend/get-transaction-profile-event-service,2025-12-10T21:48:13.040Z,TRUE,active_recent_activity_and_mrs,TRUE,TRUE,13,13,0,0,https://gitlab.ftscc.net/ProdDev/cardpointe/cardpointe-backend/get-transaction-profile-event-service
698,saved-transactions-reports-service-config,ProdDev/cardpointe/cardpointe-backend-config/saved-transactions-reports-service-config,2026-05-27T20:04:20.881Z,TRUE,active_recent_activity_and_mrs,TRUE,TRUE,12,12,0,0,https://gitlab.ftscc.net/ProdDev/cardpointe/cardpointe-backend-config/saved-transactions-reports-service-config
777,card-updater-details-service,ProdDev/cardpointe/cardpointe-backend/card-updater-details-service,2026-04-14T03:52:26.090Z,TRUE,active_recent_activity_and_mrs,TRUE,TRUE,12,12,0,0,https://gitlab.ftscc.net/ProdDev/cardpointe/cardpointe-backend/card-updater-details-service
470,gateway-batch-transaction-search-service,ProdDev/cardpointe/cardpointe-backend/gateway-batch-transaction-search-service,2026-03-27T17:48:15.774Z,TRUE,active_recent_activity_and_mrs,TRUE,TRUE,12,12,0,0,https://gitlab.ftscc.net/ProdDev/cardpointe/cardpointe-backend/gateway-batch-transaction-search-service
545,virtual-terminal-verify-transaction-service,ProdDev/cardpointe/cardpointe-backend/virtual-terminal-verify-transaction-service,2026-05-27T20:51:37.946Z,TRUE,active_recent_activity_and_mrs,TRUE,TRUE,11,11,0,0,https://gitlab.ftscc.net/ProdDev/cardpointe/cardpointe-backend/virtual-terminal-verify-transaction-service
650,get-transaction-summary-event-service-config,ProdDev/cardpointe/cardpointe-backend-config/get-transaction-summary-event-service-config,2026-05-27T19:58:48.908Z,TRUE,active_recent_activity_and_mrs,TRUE,TRUE,11,11,0,0,https://gitlab.ftscc.net/ProdDev/cardpointe/cardpointe-backend-config/get-transaction-summary-event-service-config
648,get-transaction-process-details-service-config,ProdDev/cardpointe/cardpointe-backend-config/get-transaction-process-details-service-config,2026-05-27T19:57:33.663Z,TRUE,active_recent_activity_and_mrs,TRUE,TRUE,11,11,0,0,https://gitlab.ftscc.net/ProdDev/cardpointe/cardpointe-backend-config/get-transaction-process-details-service-config
1000,account-profile-attached-event-service,ProdDev/cardpointe/cardpointe-backend/account-profile-attached-event-service,2026-04-17T18:24:24.001Z,TRUE,active_recent_activity_and_mrs,TRUE,TRUE,11,11,0,0,https://gitlab.ftscc.net/ProdDev/cardpointe/cardpointe-backend/account-profile-attached-event-service
660,customer-transaction-summaries-event-service,ProdDev/cardpointe/cardpointe-backend/customer-transaction-summaries-event-service,2026-04-14T18:26:53.006Z,TRUE,active_recent_activity_and_mrs,TRUE,TRUE,11,11,0,0,https://gitlab.ftscc.net/ProdDev/cardpointe/cardpointe-backend/customer-transaction-summaries-event-service
951,ticket-summary-event-service-config,ProdDev/cardpointe/cardpointe-backend-config/ticket-summary-event-service-config,2026-05-27T20:11:17.893Z,TRUE,active_recent_activity_and_mrs,TRUE,TRUE,10,9,0,1,https://gitlab.ftscc.net/ProdDev/cardpointe/cardpointe-backend-config/ticket-summary-event-service-config
945,ticket-attachment-api-service-config,ProdDev/cardpointe/cardpointe-backend-config/ticket-attachment-api-service-config,2026-05-27T20:07:05.212Z,TRUE,active_recent_activity_and_mrs,TRUE,TRUE,10,10,0,0,https://gitlab.ftscc.net/ProdDev/cardpointe/cardpointe-backend-config/ticket-attachment-api-service-config
947,ticket-summary-event-service,ProdDev/cardpointe/cardpointe-backend/ticket-summary-event-service,2026-05-13T04:51:08.262Z,TRUE,active_recent_activity_and_mrs,TRUE,TRUE,10,7,0,3,https://gitlab.ftscc.net/ProdDev/cardpointe/cardpointe-backend/ticket-summary-event-service
510,funding-deposit-search-service,ProdDev/cardpointe/cardpointe-backend/funding-deposit-search-service,2026-03-11T20:22:15.186Z,TRUE,active_recent_activity_and_mrs,TRUE,TRUE,10,9,0,1,https://gitlab.ftscc.net/ProdDev/cardpointe/cardpointe-backend/funding-deposit-search-service
806,cardpointe-rabbitmq,ProdDev/cardpointe/cardpointe-backend/cardpointe-rabbitmq,2026-03-11T16:52:51.620Z,TRUE,active_recent_activity_and_mrs,TRUE,TRUE,10,10,0,0,https://gitlab.ftscc.net/ProdDev/cardpointe/cardpointe-backend/cardpointe-rabbitmq
595,virtual-terminal-profile-search-api-service,ProdDev/cardpointe/cardpointe-backend/virtual-terminal-profile-search-api-service,2026-06-03T17:05:34.237Z,TRUE,active_recent_activity_and_mrs,TRUE,TRUE,9,9,0,0,https://gitlab.ftscc.net/ProdDev/cardpointe/cardpointe-backend/virtual-terminal-profile-search-api-service
1006,webhook-management-service,ProdDev/apps/mic/webhook-management-service,2026-06-01T20:25:38.242Z,TRUE,active_recent_activity_and_mrs,TRUE,TRUE,9,9,0,0,https://gitlab.ftscc.net/ProdDev/apps/mic/webhook-management-service
616,get-transaction-profile-event-service-config,ProdDev/cardpointe/cardpointe-backend-config/get-transaction-profile-event-service-config,2026-05-27T19:58:10.913Z,TRUE,active_recent_activity_and_mrs,TRUE,TRUE,9,9,0,0,https://gitlab.ftscc.net/ProdDev/cardpointe/cardpointe-backend-config/get-transaction-profile-event-service-config
1044,voice of merchant,ProdDev/poc/voice-of-merchant,2026-05-07T14:11:21.212Z,TRUE,active_recent_activity_and_mrs,TRUE,TRUE,9,9,0,0,https://gitlab.ftscc.net/ProdDev/poc/voice-of-merchant
823,couchbase-search-sync-service-config,ProdDev/apps/microservices-config/couchbase-search-sync-service-config,2026-05-06T15:45:14.604Z,TRUE,active_recent_activity_and_mrs,TRUE,TRUE,9,9,0,0,https://gitlab.ftscc.net/ProdDev/apps/microservices-config/couchbase-search-sync-service-config
969,funded-batch-search-service,ProdDev/cardpointe/cardpointe-backend/funded-batch-search-service,2026-03-30T18:25:39.223Z,TRUE,active_recent_activity_and_mrs,TRUE,TRUE,9,9,0,0,https://gitlab.ftscc.net/ProdDev/cardpointe/cardpointe-backend/funded-batch-search-service
832,my-business-merchant-detail-api-service,ProdDev/cardpointe/cardpointe-backend/my-business-merchant-detail-api-service,2026-02-24T21:57:13.790Z,TRUE,active_recent_activity_and_mrs,TRUE,TRUE,9,9,0,0,https://gitlab.ftscc.net/ProdDev/cardpointe/cardpointe-backend/my-business-merchant-detail-api-service
481,get-saved-reports-service,ProdDev/cardpointe/cardpointe-backend/get-saved-reports-service,2026-02-16T20:54:15.384Z,TRUE,active_recent_activity_and_mrs,TRUE,TRUE,9,8,0,1,https://gitlab.ftscc.net/ProdDev/cardpointe/cardpointe-backend/get-saved-reports-service
797,my-business-merchant-search-api-service,ProdDev/cardpointe/cardpointe-backend/my-business-merchant-search-api-service,2026-01-12T17:58:51.856Z,TRUE,active_recent_activity_and_mrs,TRUE,TRUE,9,6,0,3,https://gitlab.ftscc.net/ProdDev/cardpointe/cardpointe-backend/my-business-merchant-search-api-service
968,customer-init-service,ProdDev/cardpointe/cardpointe-backend/customer-init-service,2026-06-08T17:08:40.360Z,TRUE,active_recent_activity_and_mrs,TRUE,TRUE,8,8,0,0,https://gitlab.ftscc.net/ProdDev/cardpointe/cardpointe-backend/customer-init-service
979,ticket-activity-history-service,ProdDev/cardpointe/cardpointe-backend/ticket-activity-history-service,2026-06-04T16:29:21.418Z,TRUE,active_recent_activity_and_mrs,TRUE,TRUE,8,5,1,2,https://gitlab.ftscc.net/ProdDev/cardpointe/cardpointe-backend/ticket-activity-history-service
693,delete-transaction-saved-report-service-config,ProdDev/cardpointe/cardpointe-backend-config/delete-transaction-saved-report-service-config,2026-05-27T20:22:07.321Z,TRUE,active_recent_activity_and_mrs,TRUE,TRUE,8,8,0,0,https://gitlab.ftscc.net/ProdDev/cardpointe/cardpointe-backend-config/delete-transaction-saved-report-service-config
954,funded-batch-details-service,ProdDev/cardpointe/cardpointe-backend/funded-batch-details-service,2026-05-20T19:13:45.290Z,TRUE,active_recent_activity_and_mrs,TRUE,TRUE,8,8,0,0,https://gitlab.ftscc.net/ProdDev/cardpointe/cardpointe-backend/funded-batch-details-service
366,micros.common,ProdDev/pineapple/micros/micros.common,2026-05-11T15:08:23.000Z,TRUE,active_recent_activity_and_mrs,TRUE,TRUE,8,8,0,0,https://gitlab.ftscc.net/ProdDev/pineapple/micros/micros.common
619,virtual-terminal-receipt-print-service,ProdDev/cardpointe/cardpointe-backend/virtual-terminal-receipt-print-service,2026-04-14T16:27:40.046Z,TRUE,active_recent_activity_and_mrs,TRUE,TRUE,8,8,0,0,https://gitlab.ftscc.net/ProdDev/cardpointe/cardpointe-backend/virtual-terminal-receipt-print-service
659,customer-profile-billing-plan-service,ProdDev/cardpointe/cardpointe-backend/customer-profile-billing-plan-service,2026-04-14T16:27:39.794Z,TRUE,active_recent_activity_and_mrs,TRUE,TRUE,8,7,0,1,https://gitlab.ftscc.net/ProdDev/cardpointe/cardpointe-backend/customer-profile-billing-plan-service
783,billing-plan-api-service,ProdDev/cardpointe/cardpointe-backend/billing-plan-api-service,2025-10-15T13:37:55.956Z,TRUE,active_recent_activity_and_mrs,TRUE,TRUE,8,7,0,1,https://gitlab.ftscc.net/ProdDev/cardpointe/cardpointe-backend/billing-plan-api-service
755,api-get-merchant-account-banking-and-processing-config,ProdDev/copilot/copilot-backend-config/api-get-merchant-account-banking-and-processing-config,2026-06-03T14:03:20.892Z,TRUE,active_recent_activity_and_mrs,TRUE,TRUE,7,6,0,1,https://gitlab.ftscc.net/ProdDev/copilot/copilot-backend-config/api-get-merchant-account-banking-and-processing-config
504,micros.testing,ProdDev/pineapple/micros/micros.testing,2026-06-02T18:12:57.014Z,TRUE,active_recent_activity_and_mrs,TRUE,TRUE,7,7,0,0,https://gitlab.ftscc.net/ProdDev/pineapple/micros/micros.testing
830,transaction-search-service-config,ProdDev/cardpointe/cardpointe-backend-config/transaction-search-service-config,2026-05-27T20:12:30.158Z,TRUE,active_recent_activity_and_mrs,TRUE,TRUE,7,7,0,0,https://gitlab.ftscc.net/ProdDev/cardpointe/cardpointe-backend-config/transaction-search-service-config
905,virtual-terminal-auth-capture-transaction-service-config,ProdDev/cardpointe/cardpointe-backend-config/virtual-terminal-auth-capture-transaction-service-config,2026-05-21T19:18:54.021Z,TRUE,active_recent_activity_and_mrs,TRUE,TRUE,7,7,0,0,https://gitlab.ftscc.net/ProdDev/cardpointe/cardpointe-backend-config/virtual-terminal-auth-capture-transaction-service-config
547,cardpointe-automation,ProdDev/cardpointe/cardpointe-automation,2026-05-20T13:57:23.354Z,TRUE,active_recent_activity_and_mrs,TRUE,TRUE,7,6,1,0,https://gitlab.ftscc.net/ProdDev/cardpointe/cardpointe-automation
995,profile-details-api-service,ProdDev/cardpointe/cardpointe-backend/profile-details-api-service,2026-05-12T21:14:51.129Z,TRUE,active_recent_activity_and_mrs,TRUE,TRUE,7,7,0,0,https://gitlab.ftscc.net/ProdDev/cardpointe/cardpointe-backend/profile-details-api-service
1030,merchant-registration-check-api-service,ProdDev/cardpointe/cardpointe-backend/merchant-registration-check-api-service,2026-04-29T14:19:30.363Z,TRUE,active_recent_activity_and_mrs,TRUE,TRUE,7,7,0,0,https://gitlab.ftscc.net/ProdDev/cardpointe/cardpointe-backend/merchant-registration-check-api-service
941,ticket-comment-create-api-service,ProdDev/cardpointe/cardpointe-backend/ticket-comment-create-api-service,2026-02-23T18:42:49.109Z,TRUE,active_recent_activity_and_mrs,TRUE,TRUE,7,7,0,0,https://gitlab.ftscc.net/ProdDev/cardpointe/cardpointe-backend/ticket-comment-create-api-service
727,billing-plan-create-service,ProdDev/cardpointe/cardpointe-backend/billing-plan-create-service,2026-01-06T18:57:55.948Z,TRUE,active_recent_activity_and_mrs,TRUE,TRUE,7,4,0,3,https://gitlab.ftscc.net/ProdDev/cardpointe/cardpointe-backend/billing-plan-create-service
463,delete-transaction-saved-report-service,ProdDev/cardpointe/cardpointe-backend/delete-transaction-saved-report-service,2025-11-26T20:51:02.219Z,TRUE,active_recent_activity_and_mrs,TRUE,TRUE,7,7,0,0,https://gitlab.ftscc.net/ProdDev/cardpointe/cardpointe-backend/delete-transaction-saved-report-service
866,cc-init-argo-demo,ProdDev/cardpointe/cardpointe-backend/cc-init-argo-demo,2025-11-26T16:10:47.083Z,TRUE,active_recent_activity_and_mrs,TRUE,TRUE,7,7,0,0,https://gitlab.ftscc.net/ProdDev/cardpointe/cardpointe-backend/cc-init-argo-demo
803,customer-details-request-client,ProdDev/cardpointe/cardpointe-backend/customer-details-request-client,2025-10-22T16:35:37.620Z,TRUE,active_recent_activity_and_mrs,TRUE,TRUE,7,6,0,1,https://gitlab.ftscc.net/ProdDev/cardpointe/cardpointe-backend/customer-details-request-client
750,billing-plan-details-retrieve-service,ProdDev/cardpointe/cardpointe-backend/billing-plan-details-retrieve-service,2025-10-15T18:20:02.951Z,TRUE,active_recent_activity_and_mrs,TRUE,TRUE,7,6,0,1,https://gitlab.ftscc.net/ProdDev/cardpointe/cardpointe-backend/billing-plan-details-retrieve-service
779,billing-plan-update-api-service-config,ProdDev/cardpointe/cardpointe-backend-config/billing-plan-update-api-service-config,2025-10-02T17:32:39.832Z,TRUE,active_recent_activity_and_mrs,TRUE,TRUE,7,7,0,0,https://gitlab.ftscc.net/ProdDev/cardpointe/cardpointe-backend-config/billing-plan-update-api-service-config
744,api-get-merchant-account-summary-config,ProdDev/copilot/copilot-backend-config/api-get-merchant-account-summary-config,2026-06-04T14:08:39.637Z,TRUE,active_recent_activity_and_mrs,TRUE,TRUE,6,6,0,0,https://gitlab.ftscc.net/ProdDev/copilot/copilot-backend-config/api-get-merchant-account-summary-config
678,api-create-merchant-attachment-config,ProdDev/copilot/copilot-backend-config/api-create-merchant-attachment-config,2026-06-03T13:54:17.781Z,TRUE,active_recent_activity_and_mrs,TRUE,TRUE,6,6,0,0,https://gitlab.ftscc.net/ProdDev/copilot/copilot-backend-config/api-create-merchant-attachment-config
776,billing-plan-search-service-config,ProdDev/cardpointe/cardpointe-backend-config/billing-plan-search-service-config,2026-05-27T19:38:43.819Z,TRUE,active_recent_activity_and_mrs,TRUE,TRUE,6,6,0,0,https://gitlab.ftscc.net/ProdDev/cardpointe/cardpointe-backend-config/billing-plan-search-service-config
655,mts-aggregator-service-config,ProdDev/cardpointe/cardpointe-backend-config/mts-aggregator-service-config,2026-05-19T15:28:38.297Z,TRUE,active_recent_activity_and_mrs,TRUE,TRUE,6,6,0,0,https://gitlab.ftscc.net/ProdDev/cardpointe/cardpointe-backend-config/mts-aggregator-service-config
649,profile-summary-event-service,ProdDev/cardpointe/cardpointe-backend/profile-summary-event-service,2026-05-14T13:49:47.156Z,TRUE,active_recent_activity_and_mrs,TRUE,TRUE,6,6,0,0,https://gitlab.ftscc.net/ProdDev/cardpointe/cardpointe-backend/profile-summary-event-service
496,gateway-batch-close-api-service,ProdDev/cardpointe/cardpointe-backend/gateway-batch-close-api-service,2026-04-24T14:10:16.438Z,TRUE,active_recent_activity_and_mrs,TRUE,TRUE,6,5,0,1,https://gitlab.ftscc.net/ProdDev/cardpointe/cardpointe-backend/gateway-batch-close-api-service
340,dynamo,ProdDev/cardpointe/dynamo,2026-04-22T14:26:26.250Z,TRUE,active_recent_activity_and_mrs,TRUE,TRUE,6,4,0,2,https://gitlab.ftscc.net/ProdDev/cardpointe/dynamo
575,security-common,ProdDev/apps/mad-libs/security-common,2026-04-15T14:29:07.599Z,TRUE,active_recent_activity_and_mrs,TRUE,TRUE,6,5,0,1,https://gitlab.ftscc.net/ProdDev/apps/mad-libs/security-common
471,gateway-batch-details-service,ProdDev/cardpointe/cardpointe-backend/gateway-batch-details-service,2026-02-13T16:13:31.012Z,TRUE,active_recent_activity_and_mrs,TRUE,TRUE,6,6,0,0,https://gitlab.ftscc.net/ProdDev/cardpointe/cardpointe-backend/gateway-batch-details-service
859,tip-adjust-api-service,ProdDev/cardpointe/cardpointe-backend/tip-adjust-api-service,2026-02-03T21:38:40.956Z,TRUE,active_recent_activity_and_mrs,TRUE,TRUE,6,4,0,2,https://gitlab.ftscc.net/ProdDev/cardpointe/cardpointe-backend/tip-adjust-api-service
452,get-transaction-event-history,ProdDev/cardpointe/cardpointe-backend/get-transaction-event-history,2026-01-15T18:30:43.885Z,TRUE,active_recent_activity_and_mrs,TRUE,TRUE,6,6,0,0,https://gitlab.ftscc.net/ProdDev/cardpointe/cardpointe-backend/get-transaction-event-history
848,virtual-terminal-refund-transaction-service-config,ProdDev/cardpointe/cardpointe-backend-config/virtual-terminal-refund-transaction-service-config,2025-12-09T20:51:38.087Z,TRUE,active_recent_activity_and_mrs,TRUE,TRUE,6,6,0,0,https://gitlab.ftscc.net/ProdDev/cardpointe/cardpointe-backend-config/virtual-terminal-refund-transaction-service-config
427,saved-transactions-reports-service,ProdDev/cardpointe/cardpointe-backend/saved-transactions-reports-service,2025-11-26T19:24:49.964Z,TRUE,active_recent_activity_and_mrs,TRUE,TRUE,6,6,0,0,https://gitlab.ftscc.net/ProdDev/cardpointe/cardpointe-backend/saved-transactions-reports-service
1058,MTS Report Orchestrator,ProdDev/apps/mic/mts-report-orchestrator,2026-06-09T14:14:41.844Z,TRUE,active_recent_activity_and_mrs,TRUE,TRUE,5,3,1,1,https://gitlab.ftscc.net/ProdDev/apps/mic/mts-report-orchestrator
1078,card-update-decline-search-service,ProdDev/cardpointe/cardpointe-backend/card-update-decline-search-service,2026-06-05T12:58:59.377Z,TRUE,active_recent_activity_and_mrs,TRUE,TRUE,5,2,2,1,https://gitlab.ftscc.net/ProdDev/cardpointe/cardpointe-backend/card-update-decline-search-service
735,api-mark-notifications-read-config,ProdDev/copilot/copilot-backend-config/api-mark-notifications-read-config,2026-06-04T14:16:23.840Z,TRUE,active_recent_activity_and_mrs,TRUE,TRUE,5,4,0,1,https://gitlab.ftscc.net/ProdDev/copilot/copilot-backend-config/api-mark-notifications-read-config
682,api-get-user-notifications-config,ProdDev/copilot/copilot-backend-config/api-get-user-notifications-config,2026-06-04T14:12:18.576Z,TRUE,active_recent_activity_and_mrs,TRUE,TRUE,5,5,0,0,https://gitlab.ftscc.net/ProdDev/copilot/copilot-backend-config/api-get-user-notifications-config
666,api-get-merchant-attachment-config,ProdDev/copilot/copilot-backend-config/api-get-merchant-attachment-config,2026-06-04T14:09:45.387Z,TRUE,active_recent_activity_and_mrs,TRUE,TRUE,5,5,0,0,https://gitlab.ftscc.net/ProdDev/copilot/copilot-backend-config/api-get-merchant-attachment-config
603,api-get-merchant-application-config,ProdDev/copilot/copilot-backend-config/api-get-merchant-application-config,2026-06-04T14:09:23.035Z,TRUE,active_recent_activity_and_mrs,TRUE,TRUE,5,5,0,0,https://gitlab.ftscc.net/ProdDev/copilot/copilot-backend-config/api-get-merchant-application-config
773,api-save-merchant-account-banking-and-processing-config,ProdDev/copilot/copilot-backend-config/api-save-merchant-account-banking-and-processing-config,2026-06-03T14:02:51.153Z,TRUE,active_recent_activity_and_mrs,TRUE,TRUE,5,5,0,0,https://gitlab.ftscc.net/ProdDev/copilot/copilot-backend-config/api-save-merchant-account-banking-and-processing-config
1093,device-list-api-service-config,ProdDev/cardpointe/cardpointe-backend-config/device-list-api-service-config,2026-05-28T19:32:52.951Z,TRUE,active_recent_activity_and_mrs,TRUE,TRUE,5,5,0,0,https://gitlab.ftscc.net/ProdDev/cardpointe/cardpointe-backend-config/device-list-api-service-config
1063,ticket-attachment-list-service-config,ProdDev/cardpointe/cardpointe-backend-config/ticket-attachment-list-service-config,2026-05-27T20:21:26.533Z,TRUE,active_recent_activity_and_mrs,TRUE,TRUE,5,5,0,0,https://gitlab.ftscc.net/ProdDev/cardpointe/cardpointe-backend-config/ticket-attachment-list-service-config
921,customer-profile-create-service-config,ProdDev/cardpointe/cardpointe-backend-config/customer-profile-create-service-config,2026-05-27T19:38:55.284Z,TRUE,active_recent_activity_and_mrs,TRUE,TRUE,5,5,0,0,https://gitlab.ftscc.net/ProdDev/cardpointe/cardpointe-backend-config/customer-profile-create-service-config
922,customer-profile-create-api-service-config,ProdDev/cardpointe/cardpointe-backend-config/customer-profile-create-api-service-config,2026-05-27T15:56:19.435Z,TRUE,active_recent_activity_and_mrs,TRUE,TRUE,5,5,0,0,https://gitlab.ftscc.net/ProdDev/cardpointe/cardpointe-backend-config/customer-profile-create-api-service-config
1059,ticket-details-api-service,ProdDev/cardpointe/cardpointe-backend/ticket-details-api-service,2026-05-19T18:33:03.622Z,TRUE,active_recent_activity_and_mrs,TRUE,TRUE,5,5,0,0,https://gitlab.ftscc.net/ProdDev/cardpointe/cardpointe-backend/ticket-details-api-service
527,funding-deposit-details-service,ProdDev/cardpointe/cardpointe-backend/funding-deposit-details-service,2026-05-19T15:36:19.938Z,TRUE,active_recent_activity_and_mrs,TRUE,TRUE,5,5,0,0,https://gitlab.ftscc.net/ProdDev/cardpointe/cardpointe-backend/funding-deposit-details-service
975,funded-batch-transaction-search-service,ProdDev/cardpointe/cardpointe-backend/funded-batch-transaction-search-service,2026-05-14T13:09:09.932Z,TRUE,active_recent_activity_and_mrs,TRUE,TRUE,5,5,0,0,https://gitlab.ftscc.net/ProdDev/cardpointe/cardpointe-backend/funded-batch-transaction-search-service
579,merchant-platform-service,ProdDev/apps/mic/merchant-platform-service,2026-05-06T17:50:04.398Z,TRUE,active_recent_activity_and_mrs,TRUE,TRUE,5,5,0,0,https://gitlab.ftscc.net/ProdDev/apps/mic/merchant-platform-service
1029,funded-batch-preview-api-service,ProdDev/cardpointe/cardpointe-backend/funded-batch-preview-api-service,2026-05-04T20:28:39.079Z,TRUE,active_recent_activity_and_mrs,TRUE,TRUE,5,4,1,0,https://gitlab.ftscc.net/ProdDev/cardpointe/cardpointe-backend/funded-batch-preview-api-service
1008,user-registration-service,ProdDev/cardpointe/cardpointe-backend/user-registration-service,2026-04-15T16:43:53.572Z,TRUE,active_recent_activity_and_mrs,TRUE,TRUE,5,3,1,1,https://gitlab.ftscc.net/ProdDev/cardpointe/cardpointe-backend/user-registration-service
665,customer-notes-search-service,ProdDev/cardpointe/cardpointe-backend/stored-customer-notes-search-service,2026-04-07T19:22:03.719Z,TRUE,active_recent_activity_and_mrs,TRUE,TRUE,5,5,0,0,https://gitlab.ftscc.net/ProdDev/cardpointe/cardpointe-backend/stored-customer-notes-search-service
540,get-transaction-process-details-service,ProdDev/cardpointe/cardpointe-backend/get-transaction-process-details-service,2025-12-19T16:45:41.256Z,TRUE,active_recent_activity_and_mrs,TRUE,TRUE,5,5,0,0,https://gitlab.ftscc.net/ProdDev/cardpointe/cardpointe-backend/get-transaction-process-details-service
847,virtual-terminal-void-transaction-api-service,ProdDev/cardpointe/cardpointe-backend/virtual-terminal-void-transaction-api-service,2025-12-17T20:14:26.757Z,TRUE,active_recent_activity_and_mrs,TRUE,TRUE,5,5,0,0,https://gitlab.ftscc.net/ProdDev/cardpointe/cardpointe-backend/virtual-terminal-void-transaction-api-service
622,virtual-terminal-refund-transaction-service,ProdDev/cardpointe/cardpointe-backend/virtual-terminal-refund-transaction-service,2025-10-30T17:51:58.867Z,TRUE,active_recent_activity_and_mrs,TRUE,TRUE,5,5,0,0,https://gitlab.ftscc.net/ProdDev/cardpointe/cardpointe-backend/virtual-terminal-refund-transaction-service
765,customer-note-service,ProdDev/cardpointe/cardpointe-backend/customer-note-service,2025-08-27T13:47:28.535Z,TRUE,active_recent_activity_and_mrs,TRUE,TRUE,5,3,0,2,https://gitlab.ftscc.net/ProdDev/cardpointe/cardpointe-backend/customer-note-service
762,billing-plan-payment-schedule-service,ProdDev/cardpointe/cardpointe-backend/billing-plan-payment-schedule-service,2025-08-19T17:13:33.447Z,TRUE,active_recent_activity_and_mrs,TRUE,TRUE,5,5,0,0,https://gitlab.ftscc.net/ProdDev/cardpointe/cardpointe-backend/billing-plan-payment-schedule-service
724,owner-title-service,ProdDev/apps/mic/owner-title-service,2025-08-13T16:19:07.166Z,TRUE,active_recent_activity_and_mrs,TRUE,TRUE,5,5,0,0,https://gitlab.ftscc.net/ProdDev/apps/mic/owner-title-service
785,cardpointe-ui-config,ProdDev/cardpointe/cardpointe-ui-config,2026-06-04T17:53:22.947Z,TRUE,active_recent_activity_and_mrs,TRUE,TRUE,4,4,0,0,https://gitlab.ftscc.net/ProdDev/cardpointe/cardpointe-ui-config
689,api-delete-merchant-attachment-config,ProdDev/copilot/copilot-backend-config/api-delete-merchant-attachment-config,2026-06-04T14:30:51.649Z,TRUE,active_recent_activity_and_mrs,TRUE,TRUE,4,4,0,0,https://gitlab.ftscc.net/ProdDev/copilot/copilot-backend-config/api-delete-merchant-attachment-config
885,api-update-saved-view-config,ProdDev/copilot/copilot-backend-config/api-update-saved-view-config,2026-06-04T14:23:26.593Z,TRUE,active_recent_activity_and_mrs,TRUE,TRUE,4,4,0,0,https://gitlab.ftscc.net/ProdDev/copilot/copilot-backend-config/api-update-saved-view-config
700,api-toggle-user-availability-config,ProdDev/copilot/copilot-backend-config/api-toggle-user-availability-config,2026-06-04T14:21:52.580Z,TRUE,active_recent_activity_and_mrs,TRUE,TRUE,4,4,0,0,https://gitlab.ftscc.net/ProdDev/copilot/copilot-backend-config/api-toggle-user-availability-config
691,api-get-user-header-info-config,ProdDev/copilot/copilot-backend-config/api-get-user-header-info-config,2026-06-04T14:14:39.966Z,TRUE,active_recent_activity_and_mrs,TRUE,TRUE,4,4,0,0,https://gitlab.ftscc.net/ProdDev/copilot/copilot-backend-config/api-get-user-header-info-config
1038,virtual-terminal-profile-search-api-service-config,ProdDev/cardpointe/cardpointe-backend-config/virtual-terminal-profile-search-api-service-config,2026-06-03T16:47:51.939Z,TRUE,active_recent_activity_and_mrs,TRUE,TRUE,4,4,0,0,https://gitlab.ftscc.net/ProdDev/cardpointe/cardpointe-backend-config/virtual-terminal-profile-search-api-service-config
946,Api CI Templates,ProdDev/copilot/copilot-backend/templates/api-ci-templates,2026-06-02T13:38:05.629Z,TRUE,active_recent_activity_and_mrs,TRUE,TRUE,4,4,0,0,https://gitlab.ftscc.net/ProdDev/copilot/copilot-backend/templates/api-ci-templates
1049,card-update-history-search-service,ProdDev/cardpointe/cardpointe-backend/card-update-history-search-service,2026-05-27T21:11:09.924Z,TRUE,active_recent_activity_and_mrs,TRUE,TRUE,4,4,0,0,https://gitlab.ftscc.net/ProdDev/cardpointe/cardpointe-backend/card-update-history-search-service
1018,virtual-terminal-force-credit-transaction-service-config,ProdDev/cardpointe/cardpointe-backend-config/virtual-terminal-force-credit-transaction-service-config,2026-05-27T20:50:12.714Z,TRUE,active_recent_activity_and_mrs,TRUE,TRUE,4,4,0,0,https://gitlab.ftscc.net/ProdDev/cardpointe/cardpointe-backend-config/virtual-terminal-force-credit-transaction-service-config
1015,search-stored-customer-event-service-config,ProdDev/cardpointe/cardpointe-backend-config/search-stored-customer-event-service-config,2026-05-27T20:05:18.734Z,TRUE,active_recent_activity_and_mrs,TRUE,TRUE,4,4,0,0,https://gitlab.ftscc.net/ProdDev/cardpointe/cardpointe-backend-config/search-stored-customer-event-service-config
460,ticket-search-api-service,ProdDev/cardpointe/cardpointe-backend/ticket-search-api-service,2026-05-05T16:59:12.902Z,TRUE,active_recent_activity_and_mrs,TRUE,TRUE,4,4,0,0,https://gitlab.ftscc.net/ProdDev/cardpointe/cardpointe-backend/ticket-search-api-service
799,cardpointe-gitlab-ci-templates,ProdDev/cardpointe/cardpointe-project-templates/cardpointe-gitlab-ci-templates,2026-04-09T19:08:27.053Z,TRUE,active_recent_activity_and_mrs,TRUE,TRUE,4,4,0,0,https://gitlab.ftscc.net/ProdDev/cardpointe/cardpointe-project-templates/cardpointe-gitlab-ci-templates
971,funding-deposit-preview-api-service,ProdDev/cardpointe/cardpointe-backend/funding-deposit-preview-api-service,2026-03-19T13:41:57.361Z,TRUE,active_recent_activity_and_mrs,TRUE,TRUE,4,4,0,0,https://gitlab.ftscc.net/ProdDev/cardpointe/cardpointe-backend/funding-deposit-preview-api-service
503,cardpointe-nonreactive-api-template,ProdDev/cardpointe/cardpointe-project-templates/cardpointe-nonreactive-api-template,2026-03-17T19:22:14.201Z,TRUE,active_recent_activity_and_mrs,TRUE,TRUE,4,0,2,2,https://gitlab.ftscc.net/ProdDev/cardpointe/cardpointe-project-templates/cardpointe-nonreactive-api-template
973,funding-deposit-transaction-search-service-config,ProdDev/cardpointe/cardpointe-backend-config/funding-deposit-transaction-search-service-config,2026-03-11T20:29:16.395Z,TRUE,active_recent_activity_and_mrs,TRUE,TRUE,4,4,0,0,https://gitlab.ftscc.net/ProdDev/cardpointe/cardpointe-backend-config/funding-deposit-transaction-search-service-config
966,funding-deposit-transaction-search-service,ProdDev/cardpointe/cardpointe-backend/funding-deposit-transaction-search-service,2026-03-11T20:24:33.076Z,TRUE,active_recent_activity_and_mrs,TRUE,TRUE,4,4,0,0,https://gitlab.ftscc.net/ProdDev/cardpointe/cardpointe-backend/funding-deposit-transaction-search-service
985,gs-poc-umbrella-email-service-config,ProdDev/cardpointe/cardpointe-backend-config/gs-poc-umbrella-email-service-config,2026-03-11T15:30:33.113Z,TRUE,active_recent_activity_and_mrs,TRUE,TRUE,4,4,0,0,https://gitlab.ftscc.net/ProdDev/cardpointe/cardpointe-backend-config/gs-poc-umbrella-email-service-config
984,gs-poc-umbrella-email-service,ProdDev/cardpointe/cardpointe-backend/gs-poc-umbrella-email-service,2026-03-11T15:16:46.072Z,TRUE,active_recent_activity_and_mrs,TRUE,TRUE,4,4,0,0,https://gitlab.ftscc.net/ProdDev/cardpointe/cardpointe-backend/gs-poc-umbrella-email-service
508,gateway-batch-preview-api-service,ProdDev/cardpointe/cardpointe-backend/gateway-batch-preview-api-service,2026-02-18T18:15:12.236Z,TRUE,active_recent_activity_and_mrs,TRUE,TRUE,4,4,0,0,https://gitlab.ftscc.net/ProdDev/cardpointe/cardpointe-backend/gateway-batch-preview-api-service
500,get-transaction-actions-event-service,ProdDev/cardpointe/cardpointe-backend/get-transaction-actions-event-service,2026-01-26T16:38:28.905Z,TRUE,active_recent_activity_and_mrs,TRUE,TRUE,4,4,0,0,https://gitlab.ftscc.net/ProdDev/cardpointe/cardpointe-backend/get-transaction-actions-event-service
934,virtual-terminal-receipt-print-service-config,ProdDev/cardpointe/cardpointe-backend-config/virtual-terminal-receipt-print-service-config,2026-01-23T20:45:49.576Z,TRUE,active_recent_activity_and_mrs,TRUE,TRUE,4,4,0,0,https://gitlab.ftscc.net/ProdDev/cardpointe/cardpointe-backend-config/virtual-terminal-receipt-print-service-config
644,merchant-categorization-service,ProdDev/apps/mic/merchant-categorization-service,2025-08-13T16:48:37.501Z,TRUE,active_recent_activity_and_mrs,TRUE,TRUE,4,4,0,0,https://gitlab.ftscc.net/ProdDev/apps/mic/merchant-categorization-service
586,funding-rollup-service,ProdDev/apps/mic/funding-rollup-service,2025-08-13T15:11:24.137Z,TRUE,active_recent_activity_and_mrs,TRUE,TRUE,4,4,0,0,https://gitlab.ftscc.net/ProdDev/apps/mic/funding-rollup-service
584,bank-account-usage-service,ProdDev/apps/mic/bank-account-usage-service,2025-08-13T15:03:39.606Z,TRUE,active_recent_activity_and_mrs,TRUE,TRUE,4,4,0,0,https://gitlab.ftscc.net/ProdDev/apps/mic/bank-account-usage-service
585,bank-account-type-service,ProdDev/apps/mic/bank-account-type-service,2025-08-13T14:56:52.496Z,TRUE,active_recent_activity_and_mrs,TRUE,TRUE,4,4,0,0,https://gitlab.ftscc.net/ProdDev/apps/mic/bank-account-type-service
641,detailed-merchant-service,ProdDev/apps/mic/detailed-merchant-service,2025-07-16T15:04:13.678Z,TRUE,active_recent_activity_and_mrs,TRUE,TRUE,4,4,0,0,https://gitlab.ftscc.net/ProdDev/apps/mic/detailed-merchant-service
472,micros.scripting,ProdDev/pineapple/micros/micros.scripting,2026-06-08T17:27:29.004Z,TRUE,active_recent_activity_and_mrs,TRUE,TRUE,3,3,0,0,https://gitlab.ftscc.net/ProdDev/pineapple/micros/micros.scripting
980,customer-init-service-config,ProdDev/cardpointe/cardpointe-backend-config/customer-init-service-config,2026-06-08T16:58:18.500Z,TRUE,active_recent_activity_and_mrs,TRUE,TRUE,3,3,0,0,https://gitlab.ftscc.net/ProdDev/cardpointe/cardpointe-backend-config/customer-init-service-config
1070,customer-profile-delete-api-service,ProdDev/cardpointe/cardpointe-backend/customer-profile-delete-api-service,2026-06-04T17:20:09.966Z,TRUE,active_recent_activity_and_mrs,TRUE,TRUE,3,3,0,0,https://gitlab.ftscc.net/ProdDev/cardpointe/cardpointe-backend/customer-profile-delete-api-service
846,api-search-merchant-account-table-config,ProdDev/copilot/copilot-backend-config/api-search-merchant-account-table-config,2026-06-04T14:19:10.941Z,TRUE,active_recent_activity_and_mrs,TRUE,TRUE,3,3,0,0,https://gitlab.ftscc.net/ProdDev/copilot/copilot-backend-config/api-search-merchant-account-table-config
763,api-save-merchant-account-business-details-config,ProdDev/copilot/copilot-backend-config/api-save-merchant-account-business-details-config,2026-06-04T14:18:24.340Z,TRUE,active_recent_activity_and_mrs,TRUE,TRUE,3,3,0,0,https://gitlab.ftscc.net/ProdDev/copilot/copilot-backend-config/api-save-merchant-account-business-details-config
927,api-get-retrieval-reports-config,ProdDev/copilot/copilot-backend-config/api-get-retrieval-reports-config,2026-06-04T14:12:54.072Z,TRUE,active_recent_activity_and_mrs,TRUE,TRUE,3,2,0,1,https://gitlab.ftscc.net/ProdDev/copilot/copilot-backend-config/api-get-retrieval-reports-config
749,api-get-merchant-account-sub-header-info-config,ProdDev/copilot/copilot-backend-config/api-get-merchant-account-sub-header-info-config,2026-06-04T14:07:53.025Z,TRUE,active_recent_activity_and_mrs,TRUE,TRUE,3,3,0,0,https://gitlab.ftscc.net/ProdDev/copilot/copilot-backend-config/api-get-merchant-account-sub-header-info-config
737,api-get-merchant-account-business-details-config,ProdDev/copilot/copilot-backend-config/api-get-merchant-account-business-details-config,2026-06-04T14:07:44.434Z,TRUE,active_recent_activity_and_mrs,TRUE,TRUE,3,3,0,0,https://gitlab.ftscc.net/ProdDev/copilot/copilot-backend-config/api-get-merchant-account-business-details-config
1045,cc-keycloak-themes,ProdDev/iam/keycloak/cc-keycloak-themes,2026-06-03T19:40:39.919Z,TRUE,active_recent_activity_and_mrs,TRUE,TRUE,3,3,0,0,https://gitlab.ftscc.net/ProdDev/iam/keycloak/cc-keycloak-themes
578,api-save-merchant-application-config,ProdDev/copilot/copilot-backend-config/api-save-merchant-application-config,2026-06-03T14:01:15.385Z,TRUE,active_recent_activity_and_mrs,TRUE,TRUE,3,3,0,0,https://gitlab.ftscc.net/ProdDev/copilot/copilot-backend-config/api-save-merchant-application-config
1084,device-list-api-service,ProdDev/cardpointe/cardpointe-backend/device-list-api-service,2026-05-28T18:21:10.434Z,TRUE,active_recent_activity_and_mrs,TRUE,TRUE,3,3,0,0,https://gitlab.ftscc.net/ProdDev/cardpointe/cardpointe-backend/device-list-api-service
1021,virtual-terminal-verify-transaction-service-config,ProdDev/cardpointe/cardpointe-backend-config/virtual-terminal-verify-transaction-service-config,2026-05-27T20:54:57.624Z,TRUE,active_recent_activity_and_mrs,TRUE,TRUE,3,3,0,0,https://gitlab.ftscc.net/ProdDev/cardpointe/cardpointe-backend-config/virtual-terminal-verify-transaction-service-config
935,ticket-create-api-service-config,ProdDev/cardpointe/cardpointe-backend-config/ticket-create-api-service-config,2026-05-27T20:09:02.321Z,TRUE,active_recent_activity_and_mrs,TRUE,TRUE,3,3,0,0,https://gitlab.ftscc.net/ProdDev/cardpointe/cardpointe-backend-config/ticket-create-api-service-config
1040,ticket-activity-history-service-config,ProdDev/cardpointe/cardpointe-backend-config/ticket-activity-history-service-config,2026-05-27T20:06:12.707Z,TRUE,active_recent_activity_and_mrs,TRUE,TRUE,3,3,0,0,https://gitlab.ftscc.net/ProdDev/cardpointe/cardpointe-backend-config/ticket-activity-history-service-config
1037,merchant-registration-check-api-service-config,ProdDev/cardpointe/cardpointe-backend-config/merchant-registration-check-api-service-config,2026-05-27T19:59:34.626Z,TRUE,active_recent_activity_and_mrs,TRUE,TRUE,3,3,0,0,https://gitlab.ftscc.net/ProdDev/cardpointe/cardpointe-backend-config/merchant-registration-check-api-service-config
1062,ticket-details-api-service-config,ProdDev/cardpointe/cardpointe-backend-config/ticket-details-api-service-config,2026-05-19T19:08:20.936Z,TRUE,active_recent_activity_and_mrs,TRUE,TRUE,3,2,1,0,https://gitlab.ftscc.net/ProdDev/cardpointe/cardpointe-backend-config/ticket-details-api-service-config
964,ticket-reason-list-service,ProdDev/cardpointe/cardpointe-backend/ticket-reason-list-service,2026-05-15T01:37:12.232Z,TRUE,active_recent_activity_and_mrs,TRUE,TRUE,3,3,0,0,https://gitlab.ftscc.net/ProdDev/cardpointe/cardpointe-backend/ticket-reason-list-service
970,ticket-comment-list-api-service,ProdDev/cardpointe/cardpointe-backend/ticket-comment-list-api-service,2026-05-12T20:54:25.311Z,TRUE,active_recent_activity_and_mrs,TRUE,TRUE,3,3,0,0,https://gitlab.ftscc.net/ProdDev/cardpointe/cardpointe-backend/ticket-comment-list-api-service
331,scripts,ProdDev/cicd-components/scripts,2026-04-30T16:32:59.022Z,TRUE,active_recent_activity_and_mrs,TRUE,TRUE,3,3,0,0,https://gitlab.ftscc.net/ProdDev/cicd-components/scripts
933,microservice-live-spring-boot-starter,ProdDev/apps/mad-libs/microservice-live-spring-boot-starter,2026-04-16T12:59:43.127Z,TRUE,active_recent_activity_and_mrs,TRUE,TRUE,3,3,0,0,https://gitlab.ftscc.net/ProdDev/apps/mad-libs/microservice-live-spring-boot-starter
1026,user-registration-service-config,ProdDev/cardpointe/cardpointe-backend-config/user-registration-service-config,2026-04-15T16:53:49.495Z,TRUE,active_recent_activity_and_mrs,TRUE,TRUE,3,3,0,0,https://gitlab.ftscc.net/ProdDev/cardpointe/cardpointe-backend-config/user-registration-service-config
1024,customer-transaction-summaries-event-service-config,ProdDev/cardpointe/cardpointe-backend-config/customer-transaction-summaries-event-service-config,2026-04-14T18:25:03.528Z,TRUE,active_recent_activity_and_mrs,TRUE,TRUE,3,3,0,0,https://gitlab.ftscc.net/ProdDev/cardpointe/cardpointe-backend-config/customer-transaction-summaries-event-service-config
475,gateway-batch-close-service,ProdDev/cardpointe/cardpointe-backend/gateway-batch-close-service,2026-03-18T17:49:37.133Z,TRUE,active_recent_activity_and_mrs,TRUE,TRUE,3,3,0,0,https://gitlab.ftscc.net/ProdDev/cardpointe/cardpointe-backend/gateway-batch-close-service
948,gateway-batch-details-service-config,ProdDev/cardpointe/cardpointe-backend-config/gateway-batch-details-service-config,2026-03-11T18:01:56.999Z,TRUE,active_recent_activity_and_mrs,TRUE,TRUE,3,3,0,0,https://gitlab.ftscc.net/ProdDev/cardpointe/cardpointe-backend-config/gateway-batch-details-service-config
820,my-business-devices-search-service,ProdDev/cardpointe/cardpointe-backend/my-business-devices-search-service,2026-01-26T14:41:10.913Z,TRUE,active_recent_activity_and_mrs,TRUE,TRUE,3,1,0,2,https://gitlab.ftscc.net/ProdDev/cardpointe/cardpointe-backend/my-business-devices-search-service
853,cc-initializr-config,ProdDev/cardpointe/cardpointe-backend-config/cc-initializr-config,2026-01-16T15:10:52.782Z,TRUE,active_recent_activity_and_mrs,TRUE,TRUE,3,3,0,0,https://gitlab.ftscc.net/ProdDev/cardpointe/cardpointe-backend-config/cc-initializr-config
781,surcharge-compatibility-amount-retrieve-api-service,ProdDev/cardpointe/cardpointe-backend/surcharge-compatibility-amount-retrieve-api-service,2026-01-06T19:03:28.131Z,TRUE,active_recent_activity_and_mrs,TRUE,TRUE,3,2,0,1,https://gitlab.ftscc.net/ProdDev/cardpointe/cardpointe-backend/surcharge-compatibility-amount-retrieve-api-service
835,my-business-devices-edit-terminal-service,ProdDev/cardpointe/cardpointe-backend/my-business-devices-edit-terminal-service,2025-11-06T18:47:29.041Z,TRUE,active_recent_activity_and_mrs,TRUE,TRUE,3,3,0,0,https://gitlab.ftscc.net/ProdDev/cardpointe/cardpointe-backend/my-business-devices-edit-terminal-service
825,device-enablement-disablement-service,ProdDev/cardpointe/cardpointe-backend/device-enablement-disablement-service,2025-10-23T14:03:32.498Z,TRUE,active_recent_activity_and_mrs,TRUE,TRUE,3,3,0,0,https://gitlab.ftscc.net/ProdDev/cardpointe/cardpointe-backend/device-enablement-disablement-service
746,Merchant Settings API,ProdDev/cardpointe/cardpointe-backend/merchant-settings-api,2025-09-23T19:58:43.846Z,TRUE,active_recent_activity_and_mrs,TRUE,TRUE,3,1,0,2,https://gitlab.ftscc.net/ProdDev/cardpointe/cardpointe-backend/merchant-settings-api
1101,Gatecrasher,ProdDev/gateway/gateway-qa/gatecrasher,2026-06-05T13:18:40.012Z,TRUE,active_recent_activity_and_mrs,TRUE,TRUE,2,2,0,0,https://gitlab.ftscc.net/ProdDev/gateway/gateway-qa/gatecrasher
1099,customer-profile-delete-api-service-config,ProdDev/cardpointe/cardpointe-backend-config/customer-profile-delete-api-service-config,2026-06-05T13:18:28.215Z,TRUE,active_recent_activity_and_mrs,TRUE,TRUE,2,2,0,0,https://gitlab.ftscc.net/ProdDev/cardpointe/cardpointe-backend-config/customer-profile-delete-api-service-config
842,OIDC Client Provisioning Service,ProdDev/iam/microservices/oidc-client-provisioning-service,2026-06-04T18:41:56.246Z,TRUE,active_recent_activity_and_mrs,TRUE,TRUE,2,2,0,0,https://gitlab.ftscc.net/ProdDev/iam/microservices/oidc-client-provisioning-service
845,api-get-copilot-form-fields-config,ProdDev/copilot/copilot-backend-config/api-get-copilot-form-fields-config,2026-06-04T14:30:54.355Z,TRUE,active_recent_activity_and_mrs,TRUE,TRUE,2,2,0,0,https://gitlab.ftscc.net/ProdDev/copilot/copilot-backend-config/api-get-copilot-form-fields-config
809,api-get-terms-and-conditions-config,ProdDev/copilot/copilot-backend-config/api-get-terms-and-conditions-config,2026-06-04T14:13:44.785Z,TRUE,active_recent_activity_and_mrs,TRUE,TRUE,2,2,0,0,https://gitlab.ftscc.net/ProdDev/copilot/copilot-backend-config/api-get-terms-and-conditions-config
882,api-get-saved-views-config,ProdDev/copilot/copilot-backend-config/api-get-saved-views-config,2026-06-04T14:13:09.797Z,TRUE,active_recent_activity_and_mrs,TRUE,TRUE,2,2,0,0,https://gitlab.ftscc.net/ProdDev/copilot/copilot-backend-config/api-get-saved-views-config
953,api-get-merchant-overview-config,ProdDev/copilot/copilot-backend-config/api-get-merchant-overview-config,2026-06-04T14:12:24.445Z,TRUE,active_recent_activity_and_mrs,TRUE,TRUE,2,2,0,0,https://gitlab.ftscc.net/ProdDev/copilot/copilot-backend-config/api-get-merchant-overview-config
926,api-get-merchant-chargebacks-report-config,ProdDev/copilot/copilot-backend-config/api-get-merchant-chargebacks-report-config,2026-06-04T14:12:16.886Z,TRUE,active_recent_activity_and_mrs,TRUE,TRUE,2,2,0,0,https://gitlab.ftscc.net/ProdDev/copilot/copilot-backend-config/api-get-merchant-chargebacks-report-config
936,api-get-merchant-chargeback-detail-config,ProdDev/copilot/copilot-backend-config/api-get-merchant-chargeback-detail-config,2026-06-04T14:12:14.820Z,TRUE,active_recent_activity_and_mrs,TRUE,TRUE,2,1,0,1,https://gitlab.ftscc.net/ProdDev/copilot/copilot-backend-config/api-get-merchant-chargeback-detail-config
870,api-delete-saved-view-config,ProdDev/copilot/copilot-backend-config/api-delete-saved-view-config,2026-06-04T14:07:44.261Z,TRUE,active_recent_activity_and_mrs,TRUE,TRUE,2,2,0,0,https://gitlab.ftscc.net/ProdDev/copilot/copilot-backend-config/api-delete-saved-view-config
881,api-create-saved-view-config,ProdDev/copilot/copilot-backend-config/api-create-saved-view-config,2026-06-04T14:07:34.962Z,TRUE,active_recent_activity_and_mrs,TRUE,TRUE,2,2,0,0,https://gitlab.ftscc.net/ProdDev/copilot/copilot-backend-config/api-create-saved-view-config
656,api-create-merchant-application-config,ProdDev/copilot/copilot-backend-config/api-create-merchant-application-config,2026-06-04T14:07:12.892Z,TRUE,active_recent_activity_and_mrs,TRUE,TRUE,2,2,0,0,https://gitlab.ftscc.net/ProdDev/copilot/copilot-backend-config/api-create-merchant-application-config
1020,virtual-terminal-auth-only-transaction-service-config,ProdDev/cardpointe/cardpointe-backend-config/virtual-terminal-auth-only-transaction-service-config,2026-05-27T20:52:56.140Z,TRUE,active_recent_activity_and_mrs,TRUE,TRUE,2,2,0,0,https://gitlab.ftscc.net/ProdDev/cardpointe/cardpointe-backend-config/virtual-terminal-auth-only-transaction-service-config
952,gateway-batch-transaction-search-service-config,ProdDev/cardpointe/cardpointe-backend-config/gateway-batch-transaction-search-service-config,2026-05-27T20:19:38.607Z,TRUE,active_recent_activity_and_mrs,TRUE,TRUE,2,2,0,0,https://gitlab.ftscc.net/ProdDev/cardpointe/cardpointe-backend-config/gateway-batch-transaction-search-service-config
1035,ticket-search-api-service-config,ProdDev/cardpointe/cardpointe-backend-config/ticket-search-api-service-config,2026-05-27T20:10:37.476Z,TRUE,active_recent_activity_and_mrs,TRUE,TRUE,2,2,0,0,https://gitlab.ftscc.net/ProdDev/cardpointe/cardpointe-backend-config/ticket-search-api-service-config
1073,ticket-reason-list-service-config,ProdDev/cardpointe/cardpointe-backend-config/ticket-reason-list-service-config,2026-05-27T20:10:03.875Z,TRUE,active_recent_activity_and_mrs,TRUE,TRUE,2,2,0,0,https://gitlab.ftscc.net/ProdDev/cardpointe/cardpointe-backend-config/ticket-reason-list-service-config
1060,ticket-comment-list-api-service-config,ProdDev/cardpointe/cardpointe-backend-config/ticket-comment-list-api-service-config,2026-05-27T20:08:07.754Z,TRUE,active_recent_activity_and_mrs,TRUE,TRUE,2,2,0,0,https://gitlab.ftscc.net/ProdDev/cardpointe/cardpointe-backend-config/ticket-comment-list-api-service-config
972,funding-deposit-details-service-config,ProdDev/cardpointe/cardpointe-backend-config/funding-deposit-details-service-config,2026-05-27T19:50:11.837Z,TRUE,active_recent_activity_and_mrs,TRUE,TRUE,2,2,0,0,https://gitlab.ftscc.net/ProdDev/cardpointe/cardpointe-backend-config/funding-deposit-details-service-config
1089,bank-account-check-api-service-config,ProdDev/cardpointe/cardpointe-backend-config/bank-account-check-api-service-config,2026-05-27T16:04:42.068Z,TRUE,active_recent_activity_and_mrs,TRUE,TRUE,2,2,0,0,https://gitlab.ftscc.net/ProdDev/cardpointe/cardpointe-backend-config/bank-account-check-api-service-config
1087,bank-account-check-api-service,ProdDev/cardpointe/cardpointe-backend/bank-account-check-api-service,2026-05-27T15:59:10.310Z,TRUE,active_recent_activity_and_mrs,TRUE,TRUE,2,2,0,0,https://gitlab.ftscc.net/ProdDev/cardpointe/cardpointe-backend/bank-account-check-api-service
580,email-receipt-event-service,ProdDev/cardpointe/cardpointe-backend/email-receipt-event-service,2026-05-18T14:10:18.874Z,TRUE,active_recent_activity_and_mrs,TRUE,TRUE,2,1,0,1,https://gitlab.ftscc.net/ProdDev/cardpointe/cardpointe-backend/email-receipt-event-service
1071,profile-summary-event-service-config,ProdDev/cardpointe/cardpointe-backend-config/profile-summary-event-service-config,2026-05-14T14:58:46.514Z,TRUE,active_recent_activity_and_mrs,TRUE,TRUE,2,2,0,0,https://gitlab.ftscc.net/ProdDev/cardpointe/cardpointe-backend-config/profile-summary-event-service-config
1031,profile-details-api-service-config,ProdDev/cardpointe/cardpointe-backend-config/profile-details-api-service-config,2026-05-12T21:16:22.798Z,TRUE,active_recent_activity_and_mrs,TRUE,TRUE,2,2,0,0,https://gitlab.ftscc.net/ProdDev/cardpointe/cardpointe-backend-config/profile-details-api-service-config
601,merchant-platform-service-config,ProdDev/apps/microservices-config/merchant-platform-service-config,2026-05-06T17:52:59.942Z,TRUE,active_recent_activity_and_mrs,TRUE,TRUE,2,2,0,0,https://gitlab.ftscc.net/ProdDev/apps/microservices-config/merchant-platform-service-config
600,merchant-contact-service-config,ProdDev/apps/microservices-config/merchant-contact-service-config,2026-05-06T17:49:38.635Z,TRUE,active_recent_activity_and_mrs,TRUE,TRUE,2,2,0,0,https://gitlab.ftscc.net/ProdDev/apps/microservices-config/merchant-contact-service-config
441,retrieval-search-api-service,ProdDev/cardpointe/cardpointe-backend/retrieval-search-api-service,2026-05-04T14:34:09.331Z,TRUE,active_recent_activity_and_mrs,TRUE,TRUE,2,2,0,0,https://gitlab.ftscc.net/ProdDev/cardpointe/cardpointe-backend/retrieval-search-api-service
999,gateway-batch-close-api-service-config,ProdDev/cardpointe/cardpointe-backend-config/gateway-batch-close-api-service-config,2026-04-25T19:13:28.876Z,TRUE,active_recent_activity_and_mrs,TRUE,TRUE,2,2,0,0,https://gitlab.ftscc.net/ProdDev/cardpointe/cardpointe-backend-config/gateway-batch-close-api-service-config
998,gateway-batch-close-service-config,ProdDev/cardpointe/cardpointe-backend-config/gateway-batch-close-service-config,2026-04-24T18:10:34.205Z,TRUE,active_recent_activity_and_mrs,TRUE,TRUE,2,2,0,0,https://gitlab.ftscc.net/ProdDev/cardpointe/cardpointe-backend-config/gateway-batch-close-service-config
576,microservice-security-spring-boot-starter,ProdDev/apps/mad-libs/microservice-security-spring-boot-starter,2026-04-16T13:58:50.334Z,TRUE,active_recent_activity_and_mrs,TRUE,TRUE,2,2,0,0,https://gitlab.ftscc.net/ProdDev/apps/mad-libs/microservice-security-spring-boot-starter
388,ansible,ProdDev/docker/ansible,2026-03-26T15:48:12.002Z,TRUE,active_recent_activity_and_mrs,TRUE,TRUE,2,2,0,0,https://gitlab.ftscc.net/ProdDev/docker/ansible
989,gs-poc-umbrella-user-service,ProdDev/cardpointe/cardpointe-backend/gs-poc-umbrella-user-service,2026-03-12T14:51:27.645Z,TRUE,active_recent_activity_and_mrs,TRUE,TRUE,2,2,0,0,https://gitlab.ftscc.net/ProdDev/cardpointe/cardpointe-backend/gs-poc-umbrella-user-service
956,gateway-batch-preview-api-service-config,ProdDev/cardpointe/cardpointe-backend-config/gateway-batch-preview-api-service-config,2026-02-18T18:17:54.854Z,TRUE,active_recent_activity_and_mrs,TRUE,TRUE,2,2,0,0,https://gitlab.ftscc.net/ProdDev/cardpointe/cardpointe-backend-config/gateway-batch-preview-api-service-config
786,cardpointe-backend-secrets-config,ProdDev/cardpointe/cardpointe-backend-config/cardpointe-backend-secrets-config,2026-01-15T20:55:29.895Z,TRUE,active_recent_activity_and_mrs,TRUE,TRUE,2,2,0,0,https://gitlab.ftscc.net/ProdDev/cardpointe/cardpointe-backend-config/cardpointe-backend-secrets-config
838,virtual-terminal-capture-transaction-service,ProdDev/cardpointe/cardpointe-backend/virtual-terminal-capture-transaction-service,2025-11-18T21:10:12.812Z,TRUE,active_recent_activity_and_mrs,TRUE,TRUE,2,2,0,0,https://gitlab.ftscc.net/ProdDev/cardpointe/cardpointe-backend/virtual-terminal-capture-transaction-service
817,contact-settings-api,ProdDev/cardpointe/cardpointe-backend/contact-settings-api,2025-10-15T18:45:33.839Z,TRUE,active_recent_activity_and_mrs,TRUE,TRUE,2,1,0,1,https://gitlab.ftscc.net/ProdDev/cardpointe/cardpointe-backend/contact-settings-api
801,web-stomp-service,ProdDev/cardpointe/cardpointe-backend/web-stomp-service,2025-10-15T18:40:26.314Z,TRUE,active_recent_activity_and_mrs,TRUE,TRUE,2,2,0,0,https://gitlab.ftscc.net/ProdDev/cardpointe/cardpointe-backend/web-stomp-service
557,merchant-service,ProdDev/apps/mic/merchant-service,2025-09-18T16:48:30.348Z,TRUE,active_recent_activity_and_mrs,TRUE,TRUE,2,2,0,0,https://gitlab.ftscc.net/ProdDev/apps/mic/merchant-service
784,cardpointe-backend-secrets,ProdDev/cardpointe/cardpointe-backend/cardpointe-backend-secrets,2025-08-19T17:37:18.511Z,TRUE,active_recent_activity_and_mrs,TRUE,TRUE,2,2,0,0,https://gitlab.ftscc.net/ProdDev/cardpointe/cardpointe-backend/cardpointe-backend-secrets
734,customer-profile-preview-pane-service,ProdDev/cardpointe/cardpointe-backend/customer-profile-preview-pane-service,2025-07-16T18:36:17.139Z,TRUE,active_recent_activity_and_mrs,TRUE,TRUE,2,2,0,0,https://gitlab.ftscc.net/ProdDev/cardpointe/cardpointe-backend/customer-profile-preview-pane-service
539,merchant-ownership-service,ProdDev/apps/mic/merchant-ownership-service,2025-07-16T15:02:26.105Z,TRUE,active_recent_activity_and_mrs,TRUE,TRUE,2,2,0,0,https://gitlab.ftscc.net/ProdDev/apps/mic/merchant-ownership-service
598,merchant-business-service-config,ProdDev/apps/microservices-config/merchant-business-service-config,2025-07-16T14:55:31.170Z,TRUE,active_recent_activity_and_mrs,TRUE,TRUE,2,2,0,0,https://gitlab.ftscc.net/ProdDev/apps/microservices-config/merchant-business-service-config
729,billing-plan-scheduled-payment-cancel-service,ProdDev/cardpointe/cardpointe-backend/billing-plan-scheduled-payment-cancel-service,2025-07-08T20:26:29.766Z,TRUE,active_recent_activity_and_mrs,TRUE,TRUE,2,2,0,0,https://gitlab.ftscc.net/ProdDev/cardpointe/cardpointe-backend/billing-plan-scheduled-payment-cancel-service
556,merchant-attachment-service,ProdDev/apps/mic/merchant-attachment-service,2025-07-01T20:34:35.114Z,TRUE,active_recent_activity_and_mrs,TRUE,TRUE,2,2,0,0,https://gitlab.ftscc.net/ProdDev/apps/mic/merchant-attachment-service
805,FedACH Data Browser,ProdDev/hackweek/fedach-ui,2026-06-08T18:49:32.229Z,TRUE,active_recent_activity_and_mrs,TRUE,TRUE,1,1,0,0,https://gitlab.ftscc.net/ProdDev/hackweek/fedach-ui
1085,cau-enrollment-check-api-service,ProdDev/cardpointe/cardpointe-backend/cau-enrollment-check-api-service,2026-06-05T13:04:31.752Z,TRUE,active_recent_activity_and_mrs,TRUE,TRUE,1,0,1,0,https://gitlab.ftscc.net/ProdDev/cardpointe/cardpointe-backend/cau-enrollment-check-api-service
1094,custom-fields-list-service,ProdDev/cardpointe/cardpointe-backend/custom-fields-list-service,2026-06-04T19:32:13.719Z,TRUE,active_recent_activity_and_mrs,TRUE,TRUE,1,0,1,0,https://gitlab.ftscc.net/ProdDev/cardpointe/cardpointe-backend/custom-fields-list-service
1100,business-profile-api-service,ProdDev/cardpointe/cardpointe-backend/business-profile-api-service,2026-06-04T16:15:52.324Z,TRUE,active_recent_activity_and_mrs,TRUE,TRUE,1,0,1,0,https://gitlab.ftscc.net/ProdDev/cardpointe/cardpointe-backend/business-profile-api-service
913,api-get-merchant-account-preview-config,ProdDev/copilot/copilot-backend-config/api-get-merchant-account-preview-config,2026-06-04T14:29:10.065Z,TRUE,active_recent_activity_and_mrs,TRUE,TRUE,1,1,0,0,https://gitlab.ftscc.net/ProdDev/copilot/copilot-backend-config/api-get-merchant-account-preview-config
872,api-export-merchant-account-table-config,ProdDev/copilot/copilot-backend-config/api-export-merchant-account-table-config,2026-06-04T14:25:41.976Z,TRUE,active_recent_activity_and_mrs,TRUE,TRUE,1,1,0,0,https://gitlab.ftscc.net/ProdDev/copilot/copilot-backend-config/api-export-merchant-account-table-config
937,api-get-retrieval-detail-config,ProdDev/copilot/copilot-backend-config/api-get-retrieval-detail-config,2026-06-04T14:12:55.262Z,TRUE,active_recent_activity_and_mrs,TRUE,TRUE,1,1,0,0,https://gitlab.ftscc.net/ProdDev/copilot/copilot-backend-config/api-get-retrieval-detail-config
950,api-export-service-template-config,ProdDev/copilot/copilot-backend-config/api-export-service-template-config,2026-06-03T13:51:19.372Z,TRUE,active_recent_activity_and_mrs,TRUE,TRUE,1,1,0,0,https://gitlab.ftscc.net/ProdDev/copilot/copilot-backend-config/api-export-service-template-config
949,api-search-service-template-config,ProdDev/copilot/copilot-backend-config/api-search-service-template-config,2026-06-03T13:50:12.506Z,TRUE,active_recent_activity_and_mrs,TRUE,TRUE,1,1,0,0,https://gitlab.ftscc.net/ProdDev/copilot/copilot-backend-config/api-search-service-template-config
955,my-business-merchant-detail-api-service-config,ProdDev/cardpointe/cardpointe-backend-config/my-business-merchant-detail-api-service-config,2026-05-27T20:02:07.903Z,TRUE,active_recent_activity_and_mrs,TRUE,TRUE,1,1,0,0,https://gitlab.ftscc.net/ProdDev/cardpointe/cardpointe-backend-config/my-business-merchant-detail-api-service-config
943,funding-deposit-search-service-config,ProdDev/cardpointe/cardpointe-backend-config/funding-deposit-search-service-config,2026-05-27T19:52:26.746Z,TRUE,active_recent_activity_and_mrs,TRUE,TRUE,1,1,0,0,https://gitlab.ftscc.net/ProdDev/cardpointe/cardpointe-backend-config/funding-deposit-search-service-config
1002,funded-batch-search-service-config,ProdDev/cardpointe/cardpointe-backend-config/funded-batch-search-service-config,2026-05-27T19:48:57.442Z,TRUE,active_recent_activity_and_mrs,TRUE,TRUE,1,1,0,0,https://gitlab.ftscc.net/ProdDev/cardpointe/cardpointe-backend-config/funded-batch-search-service-config
1016,funding-deposit-events-service-config,ProdDev/cardpointe/cardpointe-backend-config/funding-deposit-events-service-config,2026-05-27T19:24:28.277Z,TRUE,active_recent_activity_and_mrs,TRUE,TRUE,1,1,0,0,https://gitlab.ftscc.net/ProdDev/cardpointe/cardpointe-backend-config/funding-deposit-events-service-config
1082,webhook-publisher-service,ProdDev/apps/mic/webhook-publisher-service,2026-05-21T19:55:33.988Z,TRUE,active_recent_activity_and_mrs,TRUE,TRUE,1,0,1,0,https://gitlab.ftscc.net/ProdDev/apps/mic/webhook-publisher-service
381,Docker Build,ProdDev/cicd-components/docker_build,2026-05-13T18:26:24.091Z,TRUE,active_recent_activity_and_mrs,TRUE,TRUE,1,1,0,0,https://gitlab.ftscc.net/ProdDev/cicd-components/docker_build
1055,ticket-attachment-list-service,ProdDev/cardpointe/cardpointe-backend/ticket-attachment-list-service,2026-05-12T20:35:24.790Z,TRUE,active_recent_activity_and_mrs,TRUE,TRUE,1,1,0,0,https://gitlab.ftscc.net/ProdDev/cardpointe/cardpointe-backend/ticket-attachment-list-service
852,fee-definition-service,ProdDev/apps/mic/fee-definition-service,2026-05-06T17:29:33.885Z,TRUE,active_recent_activity_and_mrs,TRUE,TRUE,1,1,0,0,https://gitlab.ftscc.net/ProdDev/apps/mic/fee-definition-service
1042,retrieval-search-api-service-config,ProdDev/cardpointe/cardpointe-backend-config/retrieval-search-api-service-config,2026-05-04T14:38:36.489Z,TRUE,active_recent_activity_and_mrs,TRUE,TRUE,1,1,0,0,https://gitlab.ftscc.net/ProdDev/cardpointe/cardpointe-backend-config/retrieval-search-api-service-config
1025,card-updater-details-service-config,ProdDev/cardpointe/cardpointe-backend-config/card-updater-details-service-config,2026-04-24T17:22:24.895Z,TRUE,active_recent_activity_and_mrs,TRUE,TRUE,1,1,0,0,https://gitlab.ftscc.net/ProdDev/cardpointe/cardpointe-backend-config/card-updater-details-service-config
1023,customer-profile-billing-plan-service-config,ProdDev/cardpointe/cardpointe-backend-config/customer-profile-billing-plan-service-config,2026-04-24T17:02:16.483Z,TRUE,active_recent_activity_and_mrs,TRUE,TRUE,1,1,0,0,https://gitlab.ftscc.net/ProdDev/cardpointe/cardpointe-backend-config/customer-profile-billing-plan-service-config
988,gs-poc-umbrella-payment-service-config,ProdDev/cardpointe/cardpointe-backend-config/gs-poc-umbrella-payment-service-config,2026-04-14T19:57:14.230Z,TRUE,active_recent_activity_and_mrs,TRUE,TRUE,1,1,0,0,https://gitlab.ftscc.net/ProdDev/cardpointe/cardpointe-backend-config/gs-poc-umbrella-payment-service-config
974,funding-deposit-preview-api-service-config,ProdDev/cardpointe/cardpointe-backend-config/funding-deposit-preview-api-service-config,2026-03-19T13:46:05.232Z,TRUE,active_recent_activity_and_mrs,TRUE,TRUE,1,1,0,0,https://gitlab.ftscc.net/ProdDev/cardpointe/cardpointe-backend-config/funding-deposit-preview-api-service-config
990,gs-poc-umbrella-user-service-config,ProdDev/cardpointe/cardpointe-backend-config/gs-poc-umbrella-user-service-config,2026-03-12T14:57:53.700Z,TRUE,active_recent_activity_and_mrs,TRUE,TRUE,1,1,0,0,https://gitlab.ftscc.net/ProdDev/cardpointe/cardpointe-backend-config/gs-poc-umbrella-user-service-config
730,notification-dispatch-service,ProdDev/apps/mic/notification-dispatch-service,2026-03-09T14:27:28.133Z,TRUE,active_recent_activity_and_mrs,TRUE,TRUE,1,1,0,0,https://gitlab.ftscc.net/ProdDev/apps/mic/notification-dispatch-service
923,transaction-export-service,ProdDev/cardpointe/cardpointe-backend/transaction-export-service,2026-02-11T15:06:14.724Z,TRUE,active_recent_activity_and_mrs,TRUE,TRUE,1,1,0,0,https://gitlab.ftscc.net/ProdDev/cardpointe/cardpointe-backend/transaction-export-service
925,tip-adjust-api-service-config,ProdDev/cardpointe/cardpointe-backend-config/tip-adjust-api-service-config,2026-02-03T21:44:06.850Z,TRUE,active_recent_activity_and_mrs,TRUE,TRUE,1,1,0,0,https://gitlab.ftscc.net/ProdDev/cardpointe/cardpointe-backend-config/tip-adjust-api-service-config
822,my-business-orders-search-service,ProdDev/cardpointe/cardpointe-backend/my-business-orders-search-service,2026-01-06T19:02:01.553Z,TRUE,active_recent_activity_and_mrs,TRUE,TRUE,1,1,0,0,https://gitlab.ftscc.net/ProdDev/cardpointe/cardpointe-backend/my-business-orders-search-service
918,virtual-terminal-void-transaction-api-service-config,ProdDev/cardpointe/cardpointe-backend-config/virtual-terminal-void-transaction-api-service-config,2025-12-17T20:56:19.276Z,TRUE,active_recent_activity_and_mrs,TRUE,TRUE,1,1,0,0,https://gitlab.ftscc.net/ProdDev/cardpointe/cardpointe-backend-config/virtual-terminal-void-transaction-api-service-config
898,cp2-operator,ProdDev/cardpointe/cardpointe-backend/cp2-operator,2025-12-12T16:56:54.164Z,TRUE,active_recent_activity_and_mrs,TRUE,TRUE,1,1,0,0,https://gitlab.ftscc.net/ProdDev/cardpointe/cardpointe-backend/cp2-operator
877,cc-init-argo-demo4,ProdDev/cardpointe/cardpointe-backend/cc-init-argo-demo4,2025-11-26T19:15:43.222Z,TRUE,active_recent_activity_and_mrs,TRUE,TRUE,1,1,0,0,https://gitlab.ftscc.net/ProdDev/cardpointe/cardpointe-backend/cc-init-argo-demo4
831,portico,ProdDev/cardpointe/cardpointe-backend/portico,2025-10-16T18:03:23.182Z,TRUE,active_recent_activity_and_mrs,TRUE,TRUE,1,1,0,0,https://gitlab.ftscc.net/ProdDev/cardpointe/cardpointe-backend/portico
821,my-business-merchant-preview-api-service,ProdDev/cardpointe/cardpointe-backend/my-business-merchant-preview-api-service,2025-10-15T15:46:10.841Z,TRUE,active_recent_activity_and_mrs,TRUE,TRUE,1,1,0,0,https://gitlab.ftscc.net/ProdDev/cardpointe/cardpointe-backend/my-business-merchant-preview-api-service
813,virtual-terminal-emv-swipe-service,ProdDev/cardpointe/cardpointe-backend/virtual-terminal-emv-swipe-service,2025-10-09T17:29:18.725Z,TRUE,active_recent_activity_and_mrs,TRUE,TRUE,1,1,0,0,https://gitlab.ftscc.net/ProdDev/cardpointe/cardpointe-backend/virtual-terminal-emv-swipe-service
824,virtual-terminal-manual-entry-service,ProdDev/cardpointe/cardpointe-backend/virtual-terminal-manual-entry-service,2025-10-09T17:28:58.744Z,TRUE,active_recent_activity_and_mrs,TRUE,TRUE,1,1,0,0,https://gitlab.ftscc.net/ProdDev/cardpointe/cardpointe-backend/virtual-terminal-manual-entry-service
679,copilot-ui-config,ProdDev/copilot/copilot-ui-config,2025-09-09T14:16:39.503Z,TRUE,active_recent_activity_and_mrs,TRUE,TRUE,1,1,0,0,https://gitlab.ftscc.net/ProdDev/copilot/copilot-ui-config
615,merchant-ownership-service-config,ProdDev/apps/microservices-config/merchant-ownership-service-config,2025-09-05T16:22:45.519Z,TRUE,active_recent_activity_and_mrs,TRUE,TRUE,1,1,0,0,https://gitlab.ftscc.net/ProdDev/apps/microservices-config/merchant-ownership-service-config
629,bolt.mock,ProdDev/pineapple/micros/bolt.mock,2025-09-02T15:25:13.738Z,TRUE,active_recent_activity_and_mrs,TRUE,TRUE,1,1,0,0,https://gitlab.ftscc.net/ProdDev/pineapple/micros/bolt.mock
788,java-with-git-docker,ProdDev/cardpointe/cardpointe-backend/java-with-git-docker,2025-08-20T20:17:30.643Z,TRUE,active_recent_activity_and_mrs,TRUE,TRUE,1,1,0,0,https://gitlab.ftscc.net/ProdDev/cardpointe/cardpointe-backend/java-with-git-docker
645,merchant-categorization-service-config,ProdDev/apps/microservices-config/merchant-categorization-service-config,2025-08-13T16:55:53.470Z,TRUE,active_recent_activity_and_mrs,TRUE,TRUE,1,1,0,0,https://gitlab.ftscc.net/ProdDev/apps/microservices-config/merchant-categorization-service-config
725,owner-title-service-config,ProdDev/apps/microservices-config/owner-title-service-config,2025-08-13T16:22:42.743Z,TRUE,active_recent_activity_and_mrs,TRUE,TRUE,1,1,0,0,https://gitlab.ftscc.net/ProdDev/apps/microservices-config/owner-title-service-config
766,billing-plan-scheduled-payment-mark-as-paid-service,ProdDev/cardpointe/cardpointe-backend/billing-plan-scheduled-payment-pay-service,2025-08-12T17:40:38.932Z,TRUE,active_recent_activity_and_mrs,TRUE,TRUE,1,1,0,0,https://gitlab.ftscc.net/ProdDev/cardpointe/cardpointe-backend/billing-plan-scheduled-payment-pay-service
627,state-service-config,ProdDev/apps/microservices-config/state-service-config,2025-08-05T17:17:07.156Z,TRUE,active_recent_activity_and_mrs,TRUE,TRUE,1,1,0,0,https://gitlab.ftscc.net/ProdDev/apps/microservices-config/state-service-config
507,gauge,ProdDev/docker/gauge,2025-07-24T16:20:26.304Z,TRUE,active_recent_activity_and_mrs,TRUE,TRUE,1,1,0,0,https://gitlab.ftscc.net/ProdDev/docker/gauge
646,detailed-merchant-service-config,ProdDev/apps/microservices-config/detailed-merchant-service-config,2025-07-16T15:07:30.834Z,TRUE,active_recent_activity_and_mrs,TRUE,TRUE,1,1,0,0,https://gitlab.ftscc.net/ProdDev/apps/microservices-config/detailed-merchant-service-config
607,ownership-type-service,ProdDev/apps/mic/ownership-type-service,2025-07-16T15:03:02.931Z,TRUE,active_recent_activity_and_mrs,TRUE,TRUE,1,1,0,0,https://gitlab.ftscc.net/ProdDev/apps/mic/ownership-type-service
609,tax-filing-method-service-config,ProdDev/apps/microservices-config/tax-filing-method-service-config,2025-07-16T15:01:17.447Z,TRUE,active_recent_activity_and_mrs,TRUE,TRUE,1,1,0,0,https://gitlab.ftscc.net/ProdDev/apps/microservices-config/tax-filing-method-service-config
599,merchant-processing-service-config,ProdDev/apps/microservices-config/merchant-processing-service-config,2025-07-16T14:57:38.179Z,TRUE,active_recent_activity_and_mrs,TRUE,TRUE,1,1,0,0,https://gitlab.ftscc.net/ProdDev/apps/microservices-config/merchant-processing-service-config
597,merchant-banking-service-config,ProdDev/apps/microservices-config/merchant-banking-service-config,2025-07-16T14:56:37.785Z,TRUE,active_recent_activity_and_mrs,TRUE,TRUE,1,1,0,0,https://gitlab.ftscc.net/ProdDev/apps/microservices-config/merchant-banking-service-config
613,country-service-config,ProdDev/apps/microservices-config/country-service-config,2025-07-09T20:55:33.263Z,TRUE,active_recent_activity_and_mrs,TRUE,TRUE,1,1,0,0,https://gitlab.ftscc.net/ProdDev/apps/microservices-config/country-service-config
697,gitlab-ci-templates,ProdDev/cardpointe/cardpointe-backend/gitlab-ci-templates,2025-07-09T14:45:18.808Z,TRUE,active_recent_activity_and_mrs,TRUE,TRUE,1,0,0,1,https://gitlab.ftscc.net/ProdDev/cardpointe/cardpointe-backend/gitlab-ci-templates
614,merchant-attachment-service-config,ProdDev/apps/microservices-config/merchant-attachment-service-config,2025-07-01T20:37:02.261Z,TRUE,active_recent_activity_and_mrs,TRUE,TRUE,1,1,0,0,https://gitlab.ftscc.net/ProdDev/apps/microservices-config/merchant-attachment-service-config
802,FedACH Directory Downloads,ProdDev/hackweek/fedach,2026-06-09T09:33:59.086Z,TRUE,active_recent_activity_only,TRUE,FALSE,0,0,0,0,https://gitlab.ftscc.net/ProdDev/hackweek/fedach
1086,cardpointe-backend-helm,ProdDev/cardpointe/cardpointe-backend/cardpointe-backend-helm,2026-06-08T21:02:25.530Z,TRUE,active_recent_activity_only,TRUE,FALSE,0,0,0,0,https://gitlab.ftscc.net/ProdDev/cardpointe/cardpointe-backend/cardpointe-backend-helm
1039,bins-ui,ProdDev/gateway/bins-ui,2026-06-08T18:02:37.880Z,TRUE,active_recent_activity_only,TRUE,FALSE,0,0,0,0,https://gitlab.ftscc.net/ProdDev/gateway/bins-ui
1106,bins-data,ProdDev/gateway/bins-data,2026-06-08T17:19:27.096Z,TRUE,active_recent_activity_only,TRUE,FALSE,0,0,0,0,https://gitlab.ftscc.net/ProdDev/gateway/bins-data
1103,gw-javadoc,ProdDev/gateway/gw-javadoc,2026-06-08T15:29:12.259Z,TRUE,active_recent_activity_only,TRUE,FALSE,0,0,0,0,https://gitlab.ftscc.net/ProdDev/gateway/gw-javadoc
920,oidc-client-provisioning-service-config,ProdDev/iam/microservices-config/oidc-client-provisioning-service-config,2026-06-04T21:13:02.757Z,TRUE,active_recent_activity_only,TRUE,FALSE,0,0,0,0,https://gitlab.ftscc.net/ProdDev/iam/microservices-config/oidc-client-provisioning-service-config
1102,statements-list-service,ProdDev/cardpointe/cardpointe-backend/statements-list-service,2026-06-04T18:33:32.037Z,TRUE,active_recent_activity_only,TRUE,FALSE,0,0,0,0,https://gitlab.ftscc.net/ProdDev/cardpointe/cardpointe-backend/statements-list-service
914,Rosettle Stone,ProdDev/gateway/gateway-qa/rosettle-stone,2026-06-03T20:43:26.665Z,TRUE,active_recent_activity_only,TRUE,FALSE,0,0,0,0,https://gitlab.ftscc.net/ProdDev/gateway/gateway-qa/rosettle-stone
774,api-service-template-config,ProdDev/copilot/copilot-backend-config/api-service-template-config,2026-06-03T14:01:41.186Z,TRUE,active_recent_activity_only,TRUE,FALSE,0,0,0,0,https://gitlab.ftscc.net/ProdDev/copilot/copilot-backend-config/api-service-template-config
654,funded-transaction-service-publisher-chase-paymentech-config,ProdDev/apps/mic/funded-transaction-service-publisher-chase-paymentech-config,2026-06-02T18:32:22.253Z,TRUE,active_recent_activity_only,TRUE,FALSE,0,0,0,0,https://gitlab.ftscc.net/ProdDev/apps/mic/funded-transaction-service-publisher-chase-paymentech-config
1065,card-update-history-search-service-config,ProdDev/cardpointe/cardpointe-backend-config/card-update-history-search-service-config,2026-05-27T21:52:56.754Z,TRUE,active_recent_activity_only,TRUE,FALSE,0,0,0,0,https://gitlab.ftscc.net/ProdDev/cardpointe/cardpointe-backend-config/card-update-history-search-service-config
1090,card-update-decline-search-service-config,ProdDev/cardpointe/cardpointe-backend-config/card-update-decline-search-service-config,2026-05-27T21:18:51.711Z,TRUE,active_recent_activity_only,TRUE,FALSE,0,0,0,0,https://gitlab.ftscc.net/ProdDev/cardpointe/cardpointe-backend-config/card-update-decline-search-service-config
1043,funded-batch-preview-api-service-config,ProdDev/cardpointe/cardpointe-backend-config/funded-batch-preview-api-service-config,2026-05-27T19:43:38.178Z,TRUE,active_recent_activity_only,TRUE,FALSE,0,0,0,0,https://gitlab.ftscc.net/ProdDev/cardpointe/cardpointe-backend-config/funded-batch-preview-api-service-config
961,funded-batch-details-service-config,ProdDev/cardpointe/cardpointe-backend-config/funded-batch-details-service-config,2026-05-27T19:42:28.619Z,TRUE,active_recent_activity_only,TRUE,FALSE,0,0,0,0,https://gitlab.ftscc.net/ProdDev/cardpointe/cardpointe-backend-config/funded-batch-details-service-config
1091,virtual-terminal-capture-transaction-service-config,ProdDev/cardpointe/cardpointe-backend-config/virtual-terminal-capture-transaction-service-config,2026-05-27T17:26:49.679Z,TRUE,active_recent_activity_only,TRUE,FALSE,0,0,0,0,https://gitlab.ftscc.net/ProdDev/cardpointe/cardpointe-backend-config/virtual-terminal-capture-transaction-service-config
1075,digital-app-ui-config,ProdDev/copilot/cipilot-ui/digital-app-ui-config,2026-05-18T20:43:17.210Z,TRUE,active_recent_activity_only,TRUE,FALSE,0,0,0,0,https://gitlab.ftscc.net/ProdDev/copilot/cipilot-ui/digital-app-ui-config
1076,versions,ProdDev/gateway/gateway-qa/versions,2026-05-18T17:41:09.834Z,TRUE,active_recent_activity_only,TRUE,FALSE,0,0,0,0,https://gitlab.ftscc.net/ProdDev/gateway/gateway-qa/versions
1051,vault-ansible,ProdDev/docker/vault-ansible,2026-05-15T21:47:24.311Z,TRUE,active_recent_activity_only,TRUE,FALSE,0,0,0,0,https://gitlab.ftscc.net/ProdDev/docker/vault-ansible
997,funded-batch-transaction-search-service-config,ProdDev/cardpointe/cardpointe-backend-config/funded-batch-transaction-search-service-config,2026-05-14T13:13:36.568Z,TRUE,active_recent_activity_only,TRUE,FALSE,0,0,0,0,https://gitlab.ftscc.net/ProdDev/cardpointe/cardpointe-backend-config/funded-batch-transaction-search-service-config
517,pci-compliance-service-config,ProdDev/apps/microservices-config/pci-compliance-service-config,2026-05-13T20:38:33.564Z,TRUE,active_recent_activity_only,TRUE,FALSE,0,0,0,0,https://gitlab.ftscc.net/ProdDev/apps/microservices-config/pci-compliance-service-config
1064,cardpointe-backend-gateway-api,ProdDev/cardpointe/cardpointe-backend/cardpointe-backend-gateway-api,2026-05-12T18:35:21.076Z,TRUE,active_recent_activity_only,TRUE,FALSE,0,0,0,0,https://gitlab.ftscc.net/ProdDev/cardpointe/cardpointe-backend/cardpointe-backend-gateway-api
577,starman-micros,ProdDev/pineapple/micros/starman-micros,2026-05-07T17:19:43.541Z,TRUE,active_recent_activity_only,TRUE,FALSE,0,0,0,0,https://gitlab.ftscc.net/ProdDev/pineapple/micros/starman-micros
1036,proxy-gateway-service-client,ProdDev/apps/mic/proxy-gateway-service-client,2026-04-23T20:14:35.778Z,TRUE,active_recent_activity_only,TRUE,FALSE,0,0,0,0,https://gitlab.ftscc.net/ProdDev/apps/mic/proxy-gateway-service-client
1010,oidcclientprovsvc-performance-test,ProdDev/iam/oidcclientprovsvc-performance-test,2026-04-21T21:07:18.012Z,TRUE,active_recent_activity_only,TRUE,FALSE,0,0,0,0,https://gitlab.ftscc.net/ProdDev/iam/oidcclientprovsvc-performance-test
561,ivr-service-config,ProdDev/apps/microservices-config/ivr-service-config,2026-04-20T16:28:18.142Z,TRUE,active_recent_activity_only,TRUE,FALSE,0,0,0,0,https://gitlab.ftscc.net/ProdDev/apps/microservices-config/ivr-service-config
480,use-base-template-2,ProdDev/cardpointe/cardpointe-backend/use-base-template-2,2026-04-14T16:27:38.552Z,TRUE,active_recent_activity_only,TRUE,FALSE,0,0,0,0,https://gitlab.ftscc.net/ProdDev/cardpointe/cardpointe-backend/use-base-template-2
1011,diligence-message-consumer-service,ProdDev/apps/mic/diligence-message-consumer-service,2026-04-06T21:41:31.358Z,TRUE,active_recent_activity_only,TRUE,FALSE,0,0,0,0,https://gitlab.ftscc.net/ProdDev/apps/mic/diligence-message-consumer-service
780,Funded Transaction Service Publisher Tsys Config,ProdDev/apps/mic/funded-transaction-service-publisher-tsys-config,2026-03-25T19:25:27.275Z,TRUE,active_recent_activity_only,TRUE,FALSE,0,0,0,0,https://gitlab.ftscc.net/ProdDev/apps/mic/funded-transaction-service-publisher-tsys-config
965,ticket-comment-create-api-service-config,ProdDev/cardpointe/cardpointe-backend-config/ticket-comment-create-api-service-config,2026-03-17T18:50:06.498Z,TRUE,active_recent_activity_only,TRUE,FALSE,0,0,0,0,https://gitlab.ftscc.net/ProdDev/cardpointe/cardpointe-backend-config/ticket-comment-create-api-service-config
890,merchant-search-service-config,ProdDev/apps/microservices-config/merchant-search-service-config,2026-03-11T18:13:47.821Z,TRUE,active_recent_activity_only,TRUE,FALSE,0,0,0,0,https://gitlab.ftscc.net/ProdDev/apps/microservices-config/merchant-search-service-config
888,merchant-search-service,ProdDev/apps/mic/merchant-search-service,2026-03-11T18:12:07.525Z,TRUE,active_recent_activity_only,TRUE,FALSE,0,0,0,0,https://gitlab.ftscc.net/ProdDev/apps/mic/merchant-search-service
843,cc-apps-full-text-search,ProdDev/apps/mad-libs/cc-apps-full-text-search,2026-03-11T18:03:33.513Z,TRUE,active_recent_activity_only,TRUE,FALSE,0,0,0,0,https://gitlab.ftscc.net/ProdDev/apps/mad-libs/cc-apps-full-text-search
841,Mock Gateway Payment Service,ProdDev/poc/ciam/mock-gateway-payment-service,2026-03-06T22:00:38.601Z,TRUE,active_recent_activity_only,TRUE,FALSE,0,0,0,0,https://gitlab.ftscc.net/ProdDev/poc/ciam/mock-gateway-payment-service
731,notification-service,ProdDev/apps/mic/notification-service,2026-02-26T20:17:27.969Z,TRUE,active_recent_activity_only,TRUE,FALSE,0,0,0,0,https://gitlab.ftscc.net/ProdDev/apps/mic/notification-service
502,jdk,ProdDev/docker/jdk,2026-01-30T04:23:16.020Z,TRUE,active_recent_activity_only,TRUE,FALSE,0,0,0,0,https://gitlab.ftscc.net/ProdDev/docker/jdk
917,oauth2-jwt-validator,ProdDev/poc/ciam/lib/oauth2-jwt-validator,2026-01-26T14:47:05.392Z,TRUE,active_recent_activity_only,TRUE,FALSE,0,0,0,0,https://gitlab.ftscc.net/ProdDev/poc/ciam/lib/oauth2-jwt-validator
826,iso3166,ProdDev/gateway/iso3166,2026-01-15T15:00:16.854Z,TRUE,active_recent_activity_only,TRUE,FALSE,0,0,0,0,https://gitlab.ftscc.net/ProdDev/gateway/iso3166
815,gitlab-ci-templates,ProdDev/copilot/build/gitlab-ci-templates,2025-12-22T20:55:31.132Z,TRUE,active_recent_activity_only,TRUE,FALSE,0,0,0,0,https://gitlab.ftscc.net/ProdDev/copilot/build/gitlab-ci-templates
907,argo-init-demo1-config,ProdDev/cardpointe/cardpointe-backend-config/argo-init-demo1-config,2025-12-11T21:15:12.653Z,TRUE,active_recent_activity_only,TRUE,FALSE,0,0,0,0,https://gitlab.ftscc.net/ProdDev/cardpointe/cardpointe-backend-config/argo-init-demo1-config
906,argo-init-demo1,ProdDev/cardpointe/cardpointe-backend/argo-init-demo1,2025-12-11T16:05:44.826Z,TRUE,active_recent_activity_only,TRUE,FALSE,0,0,0,0,https://gitlab.ftscc.net/ProdDev/cardpointe/cardpointe-backend/argo-init-demo1
793,Luhn Calculator,ProdDev/hackweek/luhn-page,2025-12-08T20:05:28.973Z,TRUE,active_recent_activity_only,TRUE,FALSE,0,0,0,0,https://gitlab.ftscc.net/ProdDev/hackweek/luhn-page
883,cc-init-argo-demo5,ProdDev/cardpointe/cardpointe-backend/cc-init-argo-demo5,2025-12-01T19:44:07.947Z,TRUE,active_recent_activity_only,TRUE,FALSE,0,0,0,0,https://gitlab.ftscc.net/ProdDev/cardpointe/cardpointe-backend/cc-init-argo-demo5
875,cc-init-argo-demo3,ProdDev/cardpointe/cardpointe-backend/cc-init-argo-demo3,2025-11-26T17:36:25.946Z,TRUE,active_recent_activity_only,TRUE,FALSE,0,0,0,0,https://gitlab.ftscc.net/ProdDev/cardpointe/cardpointe-backend/cc-init-argo-demo3
873,cc-init-argo-demo2,ProdDev/cardpointe/cardpointe-backend/cc-init-argo-demo2,2025-11-26T17:19:19.962Z,TRUE,active_recent_activity_only,TRUE,FALSE,0,0,0,0,https://gitlab.ftscc.net/ProdDev/cardpointe/cardpointe-backend/cc-init-argo-demo2
861,cp2-gateway-client,ProdDev/cardpointe/cardpointe-backend/cp2-gateway-client,2025-11-24T19:20:18.694Z,TRUE,active_recent_activity_only,TRUE,FALSE,0,0,0,0,https://gitlab.ftscc.net/ProdDev/cardpointe/cardpointe-backend/cp2-gateway-client
864,fee-definition-service-config,ProdDev/apps/microservices-config/fee-definition-service-config,2025-11-20T17:04:53.575Z,TRUE,active_recent_activity_only,TRUE,FALSE,0,0,0,0,https://gitlab.ftscc.net/ProdDev/apps/microservices-config/fee-definition-service-config
528,address-service,ProdDev/apps/mic/address-service,2025-10-30T15:30:28.307Z,TRUE,active_recent_activity_only,TRUE,FALSE,0,0,0,0,https://gitlab.ftscc.net/ProdDev/apps/mic/address-service
587,address-service-config,ProdDev/apps/microservices-config/address-service-config,2025-10-30T15:13:23.257Z,TRUE,active_recent_activity_only,TRUE,FALSE,0,0,0,0,https://gitlab.ftscc.net/ProdDev/apps/microservices-config/address-service-config
590,gitlab-ci-templates,ProdDev/apps/mad-libs/gitlab-ci-templates,2025-10-30T15:06:56.962Z,TRUE,active_recent_activity_only,TRUE,FALSE,0,0,0,0,https://gitlab.ftscc.net/ProdDev/apps/mad-libs/gitlab-ci-templates
413,cardpointe-backend-k8s,ProdDev/cardpointe/cardpointe-backend-k8s,2025-10-25T00:10:02.821Z,TRUE,active_recent_activity_only,TRUE,FALSE,0,0,0,0,https://gitlab.ftscc.net/ProdDev/cardpointe/cardpointe-backend-k8s
834,demo26,ProdDev/cardpointe/cardpointe-backend/demo26,2025-10-16T19:27:09.214Z,TRUE,active_recent_activity_only,TRUE,FALSE,0,0,0,0,https://gitlab.ftscc.net/ProdDev/cardpointe/cardpointe-backend/demo26
833,demo25,ProdDev/cardpointe/cardpointe-backend/demo25,2025-10-16T19:20:07.360Z,TRUE,active_recent_activity_only,TRUE,FALSE,0,0,0,0,https://gitlab.ftscc.net/ProdDev/cardpointe/cardpointe-backend/demo25
593,merchant-service-config,ProdDev/apps/microservices-config/merchant-service-config,2025-09-18T16:54:14.435Z,TRUE,active_recent_activity_only,TRUE,FALSE,0,0,0,0,https://gitlab.ftscc.net/ProdDev/apps/microservices-config/merchant-service-config
394,pci-compliance-service-k8s,ProdDev/apps/mic/pci-compliance-service-k8s,2025-09-18T00:10:10.740Z,TRUE,active_recent_activity_only,TRUE,FALSE,0,0,0,0,https://gitlab.ftscc.net/ProdDev/apps/mic/pci-compliance-service-k8s
608,stored-customer-page-customer-profiles-search-api-service,ProdDev/cardpointe/cardpointe-backend/search-customer-profiles-table-api-service,2025-09-11T18:27:45.370Z,TRUE,active_recent_activity_only,TRUE,FALSE,0,0,0,0,https://gitlab.ftscc.net/ProdDev/cardpointe/cardpointe-backend/search-customer-profiles-table-api-service
651,Checklist,ProdDev/cardpointe/cardpointe-backend/definition-of-done,2025-09-10T21:17:38.165Z,TRUE,active_recent_activity_only,TRUE,FALSE,0,0,0,0,https://gitlab.ftscc.net/ProdDev/cardpointe/cardpointe-backend/definition-of-done
489,pingone-api-bruno-collection,ProdDev/iam/ping/pingone-api-bruno-collection,2025-09-05T21:54:04.335Z,TRUE,active_recent_activity_only,TRUE,FALSE,0,0,0,0,https://gitlab.ftscc.net/ProdDev/iam/ping/pingone-api-bruno-collection
787,helm,ProdDev/cardpointe/cardpointe-ui/helm,2025-08-19T17:55:33.941Z,TRUE,active_recent_activity_only,TRUE,FALSE,0,0,0,0,https://gitlab.ftscc.net/ProdDev/cardpointe/cardpointe-ui/helm
640,funding-rollup-service-config,ProdDev/apps/microservices-config/funding-rollup-service-config,2025-08-13T15:15:04.940Z,TRUE,active_recent_activity_only,TRUE,FALSE,0,0,0,0,https://gitlab.ftscc.net/ProdDev/apps/microservices-config/funding-rollup-service-config
639,bank-account-usage-service-config,ProdDev/apps/microservices-config/bank-account-usage-service-config,2025-08-13T15:07:21.413Z,TRUE,active_recent_activity_only,TRUE,FALSE,0,0,0,0,https://gitlab.ftscc.net/ProdDev/apps/microservices-config/bank-account-usage-service-config
638,bank-account-type-service-config,ProdDev/apps/microservices-config/bank-account-type-service-config,2025-08-13T15:00:34.923Z,TRUE,active_recent_activity_only,TRUE,FALSE,0,0,0,0,https://gitlab.ftscc.net/ProdDev/apps/microservices-config/bank-account-type-service-config
404,get-customer-branded-logo-api,ProdDev/cardpointe/cardpointe-backend/get-customer-branded-logo-api,2025-08-05T18:48:58.696Z,TRUE,active_recent_activity_only,TRUE,FALSE,0,0,0,0,https://gitlab.ftscc.net/ProdDev/cardpointe/cardpointe-backend/get-customer-branded-logo-api
768,newman,ProdDev/docker/newman,2025-07-24T16:45:16.078Z,TRUE,active_recent_activity_only,TRUE,FALSE,0,0,0,0,https://gitlab.ftscc.net/ProdDev/docker/newman
403,customer-branded-logo-event-service,ProdDev/cardpointe/cardpointe-backend/customer-branded-logo-event-service,2025-07-24T15:05:12.472Z,TRUE,active_recent_activity_only,TRUE,FALSE,0,0,0,0,https://gitlab.ftscc.net/ProdDev/cardpointe/cardpointe-backend/customer-branded-logo-event-service
757,demo-something-service,ProdDev/cardpointe/cardpointe-backend/demo-something-service,2025-07-23T17:55:32.819Z,TRUE,active_recent_activity_only,TRUE,FALSE,0,0,0,0,https://gitlab.ftscc.net/ProdDev/cardpointe/cardpointe-backend/demo-something-service
758,intellij-live-templates,ProdDev/cardpointe/cardpointe-backend/intellij-live-templates,2025-07-18T14:45:57.355Z,TRUE,active_recent_activity_only,TRUE,FALSE,0,0,0,0,https://gitlab.ftscc.net/ProdDev/cardpointe/cardpointe-backend/intellij-live-templates
610,ownership-type-service-config,ProdDev/apps/microservices-config/ownership-type-service-config,2025-07-16T15:05:59.356Z,TRUE,active_recent_activity_only,TRUE,FALSE,0,0,0,0,https://gitlab.ftscc.net/ProdDev/apps/microservices-config/ownership-type-service-config
753,demo-ccinit-project,ProdDev/cardpointe/cardpointe-backend/demo-ccinit-project,2025-07-14T16:14:30.099Z,TRUE,active_recent_activity_only,TRUE,FALSE,0,0,0,0,https://gitlab.ftscc.net/ProdDev/cardpointe/cardpointe-backend/demo-ccinit-project
462,cardpointe-event-service-template,ProdDev/cardpointe/cardpointe-project-templates/cardpointe-event-service-template,2025-07-10T14:23:19.479Z,TRUE,active_recent_activity_only,TRUE,FALSE,0,0,0,0,https://gitlab.ftscc.net/ProdDev/cardpointe/cardpointe-project-templates/cardpointe-event-service-template
733,alpine-with-git-yq,ProdDev/apps/docker-images/alpine-with-git-yq,2025-06-26T19:18:20.717Z,TRUE,active_recent_activity_only,TRUE,FALSE,0,0,0,0,https://gitlab.ftscc.net/ProdDev/apps/docker-images/alpine-with-git-yq
683,standard-http-service,ProdDev/apps/helm-charts/standard-http-service,2025-06-17T17:20:43.758Z,TRUE,active_recent_activity_only,TRUE,FALSE,0,0,0,0,https://gitlab.ftscc.net/ProdDev/apps/helm-charts/standard-http-service
719,my-crow-service,ProdDev/cardpointe/cardpointe-backend/my-crow-service,2025-06-13T18:27:46.676Z,TRUE,active_recent_activity_only,TRUE,FALSE,0,0,0,0,https://gitlab.ftscc.net/ProdDev/cardpointe/cardpointe-backend/my-crow-service
688,hackathon-be,ProdDev/copilot/cipilot-ui/hackathon-be,2025-06-13T15:13:27.138Z,TRUE,active_recent_activity_only,TRUE,FALSE,0,0,0,0,https://gitlab.ftscc.net/ProdDev/copilot/cipilot-ui/hackathon-be
713,alpine-with-coreutils,ProdDev/apps/docker-images/alpine-with-coreutils,2025-06-12T21:51:19.607Z,TRUE,active_recent_activity_only,TRUE,FALSE,0,0,0,0,https://gitlab.ftscc.net/ProdDev/apps/docker-images/alpine-with-coreutils
,,,,,,,,4123,,,,